storage_index,nvm_jobs,page_start,page_end,va_start,va_end,payload_length,allocation_bytes,header_index,trailer,record_valid,secoc_object,copy_encoding
1,0;2,479,479,0xFF2077C0,0xFF2077FF,16,64,0x0001,aaaaaaaa,yes,0,raw
2,3,478,478,0xFF207780,0xFF2077BF,16,64,0x0002,aaaaaaaa,yes,1,raw
3,4,477,477,0xFF207740,0xFF20777F,8,64,0x0003,aaaaaaaa,yes,2,raw
4,5,476,476,0xFF207700,0xFF20773F,16,64,0x0004,aaaaaaaa,yes,3,raw
5,6,475,475,0xFF2076C0,0xFF2076FF,16,64,0x0005,aaaaaaaa,yes,0,xor55
6,7,474,474,0xFF207680,0xFF2076BF,16,64,0x0006,aaaaaaaa,yes,1,xor55
7,8,473,473,0xFF207640,0xFF20767F,8,64,0x0007,aaaaaaaa,yes,2,xor55
8,9,472,472,0xFF207600,0xFF20763F,16,64,0x0008,aaaaaaaa,yes,3,xor55
9,10,471,471,0xFF2075C0,0xFF2075FF,16,64,0x0009,aaaaaaaa,yes,0,xoraa
10,11,470,470,0xFF207580,0xFF2075BF,16,64,0x000A,aaaaaaaa,yes,1,xoraa
11,12,469,469,0xFF207540,0xFF20757F,8,64,0x000B,aaaaaaaa,yes,2,xoraa
12,13,468,468,0xFF207500,0xFF20753F,16,64,0x000C,aaaaaaaa,yes,3,xoraa
13,14,467,467,0xFF2074C0,0xFF2074FF,8,64,0x0000,ffffffff,no,4,raw
14,15,466,466,0xFF207480,0xFF2074BF,8,64,0x000E,aaaaaaaa,yes,5,raw
15,16,465,465,0xFF207440,0xFF20747F,8,64,0x000F,aaaaaaaa,yes,6,raw
16,17,464,464,0xFF207400,0xFF20743F,8,64,0x0000,f7fdbfbf,no,,
17,18,463,463,0xFF2073C0,0xFF2073FF,8,64,0xFFFF,00000000,no,4,xor55
18,19,462,462,0xFF207380,0xFF2073BF,8,64,0x0012,aaaaaaaa,yes,5,xor55
19,20,461,461,0xFF207340,0xFF20737F,8,64,0x0013,aaaaaaaa,yes,6,xor55
20,21,460,460,0xFF207300,0xFF20733F,8,64,0xFFFF,ffffffff,no,,
21,22,459,459,0xFF2072C0,0xFF2072FF,8,64,0x0000,ffffffff,no,4,xoraa
22,23,458,458,0xFF207280,0xFF2072BF,8,64,0x0016,aaaaaaaa,yes,5,xoraa
23,24,457,457,0xFF207240,0xFF20727F,8,64,0x0017,aaaaaaaa,yes,6,xoraa
24,25,456,456,0xFF207200,0xFF20723F,8,64,0xFFFF,ffffffff,no,,
25,26,455,455,0xFF2071C0,0xFF2071FF,8,64,0xFFFF,00000000,no,,
26,27,454,454,0xFF207180,0xFF2071BF,8,64,0xFFFF,00000000,no,,
27,28,453,453,0xFF207140,0xFF20717F,8,64,0xFFFF,ffffffff,no,,
28,29,452,452,0xFF207100,0xFF20713F,8,64,0xFFFF,ffffffff,no,,
29,30,451,451,0xFF2070C0,0xFF2070FF,8,64,0x0000,ffffffff,no,,
30,31,450,450,0xFF207080,0xFF2070BF,8,64,0x0000,ffffffff,no,,
31,32,449,449,0xFF207040,0xFF20707F,8,64,0x0000,ffffffff,no,,
32,33,448,448,0xFF207000,0xFF20703F,8,64,0x0000,ffffffff,no,,
33,34,447,447,0xFF206FC0,0xFF206FFF,8,64,0x0000,ffffffff,no,,
34,35,446,446,0xFF206F80,0xFF206FBF,8,64,0x0000,ffffffff,no,,
35,36,445,445,0xFF206F40,0xFF206F7F,8,64,0xFFFF,ffffffff,no,,
36,37,444,444,0xFF206F00,0xFF206F3F,8,64,0x0000,ffffffff,no,,
37,38,443,443,0xFF206EC0,0xFF206EFF,32,64,0xFFFF,ffffffff,no,12,raw
38,39,442,442,0xFF206E80,0xFF206EBF,32,64,0x0000,ffffffff,no,13,raw
39,40,441,441,0xFF206E40,0xFF206E7F,32,64,0xFFFF,00000000,no,14,raw
40,41,440,440,0xFF206E00,0xFF206E3F,32,64,0xFFFF,ffffffff,no,15,raw
41,42,439,439,0xFF206DC0,0xFF206DFF,32,64,0xFFFF,fe5ffffe,no,12,xor55
42,43,438,438,0xFF206D80,0xFF206DBF,32,64,0xFFFF,00000000,no,13,xor55
43,44,437,437,0xFF206D40,0xFF206D7F,32,64,0x0000,ffffffff,no,14,xor55
44,45,436,436,0xFF206D00,0xFF206D3F,32,64,0xFFFF,00000000,no,15,xor55
45,46,435,435,0xFF206CC0,0xFF206CFF,32,64,0xFFFF,ffffffff,no,12,xoraa
46,47,434,434,0xFF206C80,0xFF206CBF,32,64,0x0000,00000000,no,13,xoraa
47,48,433,433,0xFF206C40,0xFF206C7F,32,64,0xFFFF,00000000,no,14,xoraa
48,49,432,432,0xFF206C00,0xFF206C3F,32,64,0xFFFF,ffffffff,no,15,xoraa
49,50,429,431,0xFF206B40,0xFF206BFF,168,192,0x0031,aaaaaaaa,yes,,
50,51,426,428,0xFF206A80,0xFF206B3F,168,192,0x0032,aaaaaaaa,yes,,
51,52,421,425,0xFF206940,0xFF206A7F,248,320,0x0033,aaaaaaaa,yes,,
52,53,416,420,0xFF206800,0xFF20693F,248,320,0x0034,aaaaaaaa,yes,,
53,54,411,415,0xFF2066C0,0xFF2067FF,248,320,0x0035,aaaaaaaa,yes,,
54,55,406,410,0xFF206580,0xFF2066BF,248,320,0x0036,aaaaaaaa,yes,,
55,56,401,405,0xFF206440,0xFF20657F,248,320,0x0037,aaaaaaaa,yes,,
56,57,396,400,0xFF206300,0xFF20643F,248,320,0x0038,aaaaaaaa,yes,,
57,58,394,395,0xFF206280,0xFF2062FF,64,128,0x0039,aaaaaaaa,yes,,
58,59,392,393,0xFF206200,0xFF20627F,64,128,0x003A,aaaaaaaa,yes,,
59,60,390,391,0xFF206180,0xFF2061FF,64,128,0x003B,aaaaaaaa,yes,,
60,61,388,389,0xFF206100,0xFF20617F,64,128,0x003C,aaaaaaaa,yes,,
61,62,386,387,0xFF206080,0xFF2060FF,64,128,0x003D,aaaaaaaa,yes,,
62,63,384,385,0xFF206000,0xFF20607F,64,128,0x003E,aaaaaaaa,yes,,
63,64,382,383,0xFF205F80,0xFF205FFF,64,128,0x003F,aaaaaaaa,yes,,
64,65,380,381,0xFF205F00,0xFF205F7F,64,128,0x0040,aaaaaaaa,yes,,
65,66,378,379,0xFF205E80,0xFF205EFF,64,128,0x0041,aaaaaaaa,yes,,
66,67,376,377,0xFF205E00,0xFF205E7F,64,128,0x0042,aaaaaaaa,yes,,
67,68,374,375,0xFF205D80,0xFF205DFF,64,128,0x0043,aaaaaaaa,yes,,
68,69,372,373,0xFF205D00,0xFF205D7F,64,128,0x0044,aaaaaaaa,yes,,
69,70,370,371,0xFF205C80,0xFF205CFF,64,128,0x0045,aaaaaaaa,yes,,
70,71,368,369,0xFF205C00,0xFF205C7F,64,128,0x0046,aaaaaaaa,yes,,
71,72,366,367,0xFF205B80,0xFF205BFF,64,128,0x0047,aaaaaaaa,yes,,
72,73,364,365,0xFF205B00,0xFF205B7F,64,128,0x0048,aaaaaaaa,yes,,
73,74,362,363,0xFF205A80,0xFF205AFF,64,128,0x0049,aaaaaaaa,yes,,
74,75,360,361,0xFF205A00,0xFF205A7F,64,128,0x004A,aaaaaaaa,yes,,
75,76,358,359,0xFF205980,0xFF2059FF,64,128,0x004B,aaaaaaaa,yes,,
76,77,356,357,0xFF205900,0xFF20597F,64,128,0x004C,aaaaaaaa,yes,,
77,78,354,355,0xFF205880,0xFF2058FF,64,128,0x004D,aaaaaaaa,yes,,
78,79,352,353,0xFF205800,0xFF20587F,64,128,0x004E,aaaaaaaa,yes,,
79,80,350,351,0xFF205780,0xFF2057FF,64,128,0x004F,aaaaaaaa,yes,,
80,81,348,349,0xFF205700,0xFF20577F,64,128,0xFFFF,ffffffff,no,,
81,82,346,347,0xFF205680,0xFF2056FF,64,128,0x0051,aaaaaaaa,yes,,
82,83,344,345,0xFF205600,0xFF20567F,64,128,0x0052,aaaaaaaa,yes,,
83,84,342,343,0xFF205580,0xFF2055FF,64,128,0x0053,aaaaaaaa,yes,,
84,85,340,341,0xFF205500,0xFF20557F,64,128,0x0054,aaaaaaaa,yes,,
85,86,338,339,0xFF205480,0xFF2054FF,64,128,0x0055,aaaaaaaa,yes,,
86,87,336,337,0xFF205400,0xFF20547F,64,128,0x0056,aaaaaaaa,yes,,
87,88,334,335,0xFF205380,0xFF2053FF,64,128,0x0057,aaaaaaaa,yes,,
88,89,332,333,0xFF205300,0xFF20537F,64,128,0xFFFF,ffffffff,no,,
89,90,330,331,0xFF205280,0xFF2052FF,64,128,0xFFFF,ffffffff,no,,
90,91,328,329,0xFF205200,0xFF20527F,64,128,0x0000,ffffffff,no,,
91,92,326,327,0xFF205180,0xFF2051FF,64,128,0x005B,aaaaaaaa,yes,,
92,93,324,325,0xFF205100,0xFF20517F,64,128,0x005C,aaaaaaaa,yes,,
93,94,322,323,0xFF205080,0xFF2050FF,104,128,0x005D,aaaaaaaa,yes,,
94,95,320,321,0xFF205000,0xFF20507F,104,128,0x005E,aaaaaaaa,yes,,
95,96,318,319,0xFF204F80,0xFF204FFF,104,128,0x005F,aaaaaaaa,yes,,
96,97,316,317,0xFF204F00,0xFF204F7F,104,128,0x0060,aaaaaaaa,yes,,
97,98,313,315,0xFF204E40,0xFF204EFF,176,192,0x0061,aaaaaaaa,yes,,
98,99,310,312,0xFF204D80,0xFF204E3F,176,192,0x0062,aaaaaaaa,yes,,
99,100,307,309,0xFF204CC0,0xFF204D7F,176,192,0x0063,aaaaaaaa,yes,,
100,101,304,306,0xFF204C00,0xFF204CBF,176,192,0xFFFF,ffffffff,no,,
101,102,301,303,0xFF204B40,0xFF204BFF,176,192,0xFFFF,00000000,no,,
102,103,298,300,0xFF204A80,0xFF204B3F,176,192,0xFFFF,ffffffff,no,,
103,104,295,297,0xFF2049C0,0xFF204A7F,176,192,0x0067,aaaaaaaa,yes,,
104,105,292,294,0xFF204900,0xFF2049BF,176,192,0xFFFF,00000000,no,,
105,106,290,291,0xFF204880,0xFF2048FF,64,128,0x0069,aaaaaaaa,yes,,
106,107,288,289,0xFF204800,0xFF20487F,64,128,0x006A,aaaaaaaa,yes,,
107,108,286,287,0xFF204780,0xFF2047FF,64,128,0x0000,ffffffff,no,,
108,109,284,285,0xFF204700,0xFF20477F,64,128,0xFFFF,ffebfffe,no,,
109,110,282,283,0xFF204680,0xFF2046FF,64,128,0xFFFF,ffffffff,no,,
110,111,280,281,0xFF204600,0xFF20467F,64,128,0xFFFF,ffffffff,no,,
111,112,278,279,0xFF204580,0xFF2045FF,64,128,0xFFFF,ffffffff,no,,
112,113,276,277,0xFF204500,0xFF20457F,64,128,0xFFFF,ffffffff,no,,
113,114,274,275,0xFF204480,0xFF2044FF,64,128,0x0000,00000000,no,,
114,115,272,273,0xFF204400,0xFF20447F,64,128,0xFFFF,5fffff7f,no,,
115,116,270,271,0xFF204380,0xFF2043FF,80,128,0xFFFF,ffffffff,no,,
116,117,268,269,0xFF204300,0xFF20437F,80,128,0x0000,ffffffff,no,,
117,118,266,267,0xFF204280,0xFF2042FF,64,128,0xFFFF,ffffffff,no,,
118,119,264,265,0xFF204200,0xFF20427F,64,128,0xFFFF,00000000,no,,
119,120,262,263,0xFF204180,0xFF2041FF,64,128,0xEA7F,00000000,no,,
120,121,260,261,0xFF204100,0xFF20417F,64,128,0x0000,ebbfcaab,no,,
121,122,258,259,0xFF204080,0xFF2040FF,64,128,0x0000,abfbabae,no,,
122,123,256,257,0xFF204000,0xFF20407F,64,128,0x0000,00000000,no,,
