address,provenance,note
0x00034C56,data/generated/camry_8965F3307000_lateral_decompiler_evidence.json,exact-F33 function entry promoted by prior generated decompiler evidence
0x00035A06,data/generated/camry_8965F3307000_lateral_decompiler_evidence.json;data/generated/camry_8965F3307000_tss3_tx_decompiler_evidence.json,exact-F33 function entry promoted by prior generated decompiler evidence
0x00046994,data/generated/camry_8965F3307000_lateral_decompiler_evidence.json,exact-F33 function entry promoted by prior generated decompiler evidence
0x00047AE0,data/generated/camry_8965F3307000_decompiler_evidence.json;data/generated/camry_8965F3307000_lateral_decompiler_evidence.json,exact-F33 function entry promoted by prior generated decompiler evidence
0x000484D2,data/generated/camry_8965F3307000_lateral_decompiler_evidence.json,exact-F33 function entry promoted by prior generated decompiler evidence
0x00048684,data/generated/camry_8965F3307000_lateral_decompiler_evidence.json,exact-F33 function entry promoted by prior generated decompiler evidence
0x0004B59E,data/generated/camry_8965F3307000_decompiler_evidence.json;data/generated/camry_8965F3307000_lateral_decompiler_evidence.json,exact-F33 function entry promoted by prior generated decompiler evidence
0x0004BD46,data/generated/camry_8965F3307000_decompiler_evidence.json;data/generated/camry_8965F3307000_lateral_decompiler_evidence.json,exact-F33 function entry promoted by prior generated decompiler evidence
0x0004C000,data/generated/camry_8965F3307000_tss3_tx_decompiler_evidence.json,exact-F33 function entry promoted by prior generated decompiler evidence
0x0004C14E,data/generated/camry_8965F3307000_tss3_tx_decompiler_evidence.json,exact-F33 function entry promoted by prior generated decompiler evidence
0x0004C1C0,data/generated/camry_8965F3307000_tss3_tx_decompiler_evidence.json,exact-F33 function entry promoted by prior generated decompiler evidence
0x0004C216,data/generated/camry_8965F3307000_tss3_tx_decompiler_evidence.json,exact-F33 function entry promoted by prior generated decompiler evidence
0x0004C24A,data/generated/camry_8965F3307000_tss3_tx_decompiler_evidence.json,exact-F33 function entry promoted by prior generated decompiler evidence
0x0004C7AA,data/generated/camry_8965F3307000_tss3_tx_decompiler_evidence.json,exact-F33 function entry promoted by prior generated decompiler evidence
0x0004CE08,data/generated/camry_8965F3307000_tss3_tx_decompiler_evidence.json,exact-F33 function entry promoted by prior generated decompiler evidence
0x0004CED0,data/generated/camry_8965F3307000_tss3_tx_decompiler_evidence.json,exact-F33 function entry promoted by prior generated decompiler evidence
0x0004DB70,data/generated/camry_8965F3307000_lateral_decompiler_evidence.json;data/generated/camry_8965F3307000_tss3_tx_decompiler_evidence.json,exact-F33 function entry promoted by prior generated decompiler evidence
0x0004DBBC,data/generated/camry_8965F3307000_lateral_decompiler_evidence.json,exact-F33 function entry promoted by prior generated decompiler evidence
0x0004DBF8,data/generated/camry_8965F3307000_decompiler_evidence.json,exact-F33 function entry promoted by prior generated decompiler evidence
0x0004E394,data/generated/camry_8965F3307000_lateral_decompiler_evidence.json;data/generated/camry_8965F3307000_tss3_tx_decompiler_evidence.json,exact-F33 function entry promoted by prior generated decompiler evidence
0x0004E848,data/generated/camry_8965F3307000_gtsplus_decompiler_evidence.json,exact-F33 function entry promoted by prior generated decompiler evidence
0x00050FC8,data/generated/camry_8965F3307000_fault_status_decompiler_evidence.json,exact-F33 function entry promoted by prior generated decompiler evidence
0x000510B6,data/generated/camry_8965F3307000_fault_status_decompiler_evidence.json,exact-F33 function entry promoted by prior generated decompiler evidence
0x000510E0,data/generated/camry_8965F3307000_fault_status_decompiler_evidence.json,exact-F33 function entry promoted by prior generated decompiler evidence
0x0005110A,data/generated/camry_8965F3307000_fault_status_decompiler_evidence.json,exact-F33 function entry promoted by prior generated decompiler evidence
0x0005116C,data/generated/camry_8965F3307000_fault_status_decompiler_evidence.json,exact-F33 function entry promoted by prior generated decompiler evidence
0x000511B6,data/generated/camry_8965F3307000_fault_status_decompiler_evidence.json,exact-F33 function entry promoted by prior generated decompiler evidence
0x00051208,data/generated/camry_8965F3307000_fault_status_decompiler_evidence.json,exact-F33 function entry promoted by prior generated decompiler evidence
0x00051266,data/generated/camry_8965F3307000_fault_status_decompiler_evidence.json,exact-F33 function entry promoted by prior generated decompiler evidence
0x000512E4,data/generated/camry_8965F3307000_fault_status_decompiler_evidence.json,exact-F33 function entry promoted by prior generated decompiler evidence
0x00051592,data/generated/camry_8965F3307000_fault_status_decompiler_evidence.json,exact-F33 function entry promoted by prior generated decompiler evidence
0x00054244,data/generated/camry_8965F3307000_lateral_decompiler_evidence.json;data/generated/camry_8965F3307000_tss3_tx_decompiler_evidence.json,exact-F33 function entry promoted by prior generated decompiler evidence
0x000564CE,data/generated/camry_8965F3307000_lateral_decompiler_evidence.json;data/generated/camry_8965F3307000_tss3_tx_decompiler_evidence.json,exact-F33 function entry promoted by prior generated decompiler evidence
0x00058074,data/generated/camry_8965F3307000_decompiler_evidence.json;data/generated/camry_8965F3307000_lateral_decompiler_evidence.json,exact-F33 function entry promoted by prior generated decompiler evidence
0x00066062,data/generated/camry_8965F3307000_lateral_decompiler_evidence.json,exact-F33 function entry promoted by prior generated decompiler evidence
0x0006639C,data/generated/camry_8965F3307000_lateral_decompiler_evidence.json,exact-F33 function entry promoted by prior generated decompiler evidence
0x00066512,data/generated/camry_8965F3307000_lateral_decompiler_evidence.json,exact-F33 function entry promoted by prior generated decompiler evidence
0x0006A5FA,data/generated/camry_8965F3307000_decompiler_evidence.json,exact-F33 function entry promoted by prior generated decompiler evidence
0x0007D0EA,data/generated/camry_8965F3307000_tss3_tx_decompiler_evidence.json,exact-F33 function entry promoted by prior generated decompiler evidence
0x0007D12A,data/generated/camry_8965F3307000_decompiler_evidence.json,exact-F33 function entry promoted by prior generated decompiler evidence
0x0007D1DC,data/generated/camry_8965F3307000_tss3_tx_decompiler_evidence.json,exact-F33 function entry promoted by prior generated decompiler evidence
0x0007D31E,data/generated/camry_8965F3307000_tss3_tx_decompiler_evidence.json,exact-F33 function entry promoted by prior generated decompiler evidence
0x0008A8E4,data/generated/camry_8965F3307000_decompiler_evidence.json,exact-F33 function entry promoted by prior generated decompiler evidence
0x0008ECB2,data/generated/camry_8965F3307000_decompiler_evidence.json,exact-F33 function entry promoted by prior generated decompiler evidence
0x0008ED14,data/generated/camry_8965F3307000_decompiler_evidence.json,exact-F33 function entry promoted by prior generated decompiler evidence
0x0008EE7C,data/generated/camry_8965F3307000_decompiler_evidence.json,exact-F33 function entry promoted by prior generated decompiler evidence
0x0008F2B0,data/generated/camry_8965F3307000_decompiler_evidence.json,exact-F33 function entry promoted by prior generated decompiler evidence
0x0008F34A,data/generated/camry_8965F3307000_decompiler_evidence.json,exact-F33 function entry promoted by prior generated decompiler evidence
0x0008F434,data/generated/camry_8965F3307000_decompiler_evidence.json,exact-F33 function entry promoted by prior generated decompiler evidence
0x0008F676,data/generated/camry_8965F3307000_decompiler_evidence.json,exact-F33 function entry promoted by prior generated decompiler evidence
0x0008F746,data/generated/camry_8965F3307000_decompiler_evidence.json,exact-F33 function entry promoted by prior generated decompiler evidence
0x000B39D8,data/generated/camry_8965F3307000_decompiler_evidence.json,exact-F33 function entry promoted by prior generated decompiler evidence
0x000B3B06,data/generated/camry_8965F3307000_decompiler_evidence.json,exact-F33 function entry promoted by prior generated decompiler evidence
0x000BCD66,data/generated/camry_8965F3307000_decompiler_evidence.json;data/generated/camry_8965F3307000_lateral_decompiler_evidence.json,exact-F33 function entry promoted by prior generated decompiler evidence
0x000CB73A,data/generated/camry_8965F3307000_decompiler_evidence.json,exact-F33 function entry promoted by prior generated decompiler evidence
0x000CCF0E,data/generated/camry_8965F3307000_decompiler_evidence.json;data/generated/camry_8965F3307000_lateral_decompiler_evidence.json,exact-F33 function entry promoted by prior generated decompiler evidence
0x000CCFB6,data/generated/camry_8965F3307000_decompiler_evidence.json;data/generated/camry_8965F3307000_lateral_decompiler_evidence.json,exact-F33 function entry promoted by prior generated decompiler evidence
0x000CD128,data/generated/camry_8965F3307000_decompiler_evidence.json,exact-F33 function entry promoted by prior generated decompiler evidence
0x000CDA20,data/generated/camry_8965F3307000_lateral_decompiler_evidence.json,exact-F33 function entry promoted by prior generated decompiler evidence
0x000CDFF8,data/generated/camry_8965F3307000_lateral_decompiler_evidence.json,exact-F33 function entry promoted by prior generated decompiler evidence
0x000CE3AA,data/generated/camry_8965F3307000_lateral_decompiler_evidence.json,exact-F33 function entry promoted by prior generated decompiler evidence
0x000CE9EA,data/generated/camry_8965F3307000_decompiler_evidence.json,exact-F33 function entry promoted by prior generated decompiler evidence
0x000CEADA,data/generated/camry_8965F3307000_decompiler_evidence.json,exact-F33 function entry promoted by prior generated decompiler evidence
0x000CEC8A,data/generated/camry_8965F3307000_lateral_decompiler_evidence.json,exact-F33 function entry promoted by prior generated decompiler evidence
0x000CED28,data/generated/camry_8965F3307000_lateral_decompiler_evidence.json,exact-F33 function entry promoted by prior generated decompiler evidence
0x000CEDA4,data/generated/camry_8965F3307000_lateral_decompiler_evidence.json,exact-F33 function entry promoted by prior generated decompiler evidence
0x000CEE20,data/generated/camry_8965F3307000_lateral_decompiler_evidence.json,exact-F33 function entry promoted by prior generated decompiler evidence
0x000CEE46,data/generated/camry_8965F3307000_lateral_decompiler_evidence.json,exact-F33 function entry promoted by prior generated decompiler evidence
0x000CEE80,data/generated/camry_8965F3307000_decompiler_evidence.json;data/generated/camry_8965F3307000_lateral_decompiler_evidence.json,exact-F33 function entry promoted by prior generated decompiler evidence
0x000CEF26,data/generated/camry_8965F3307000_lateral_decompiler_evidence.json,exact-F33 function entry promoted by prior generated decompiler evidence
0x000CEFFC,data/generated/camry_8965F3307000_decompiler_evidence.json;data/generated/camry_8965F3307000_lateral_decompiler_evidence.json,exact-F33 function entry promoted by prior generated decompiler evidence
