mnemonic,count,sample_addr,flow,bytes,userops
add,7828,00000754,FALL_THROUGH,410a,
addi,5881,00000674,FALL_THROUGH,0c660400,
and,350,00001508,FALL_THROUGH,5309,
andi,1111,00001112,FALL_THROUGH,d39e0200,
bc,1730,000002d0,CONDITIONAL_JUMP,a105,
be,5597,0000033c,CONDITIONAL_JUMP,a215,
bge,409,0000541c,CONDITIONAL_JUMP,9e0d,
bgt,448,00001dca,CONDITIONAL_JUMP,bf15,
bh,797,0000067a,CONDITIONAL_JUMP,bbfd,
bins,7,00003bca,FALL_THROUGH,fde7d860,
ble,481,0000147c,CONDITIONAL_JUMP,870d,
blt,799,00000ccc,CONDITIONAL_JUMP,86ed,
bn,7,00047d56,CONDITIONAL_JUMP,c405,
bnc,1555,000002d2,CONDITIONAL_JUMP,990d,
bne,6854,00000334,CONDITIONAL_JUMP,ea05,
bnh,535,0000066e,CONDITIONAL_JUMP,f305,
bp,12,00007c94,CONDITIONAL_JUMP,9ce5,
br,5812,00000680,UNCONDITIONAL_JUMP,8505,
callt,6,00001d5c,COMPUTED_CALL,2202,
clr1,20,0003b73e,FALL_THROUGH,de9f0500,
cmovc,121,0000428e,FALL_THROUGH,e00f020b,
cmove,221,00001bce,FALL_THROUGH,e0ef04eb,
cmovge,156,00032aaa,FALL_THROUGH,e1e73c0b,
cmovgt,30,00032836,FALL_THROUGH,e18f3e8b,
cmovh,57,000021f4,FALL_THROUGH,e1ef36eb,
cmovle,174,00032a68,FALL_THROUGH,e1e72e0b,
cmovlt,96,000332de,FALL_THROUGH,f38f2c8b,
cmovn,1,000b9b12,FALL_THROUGH,e00f080b,
cmovnc,82,00036ca0,FALL_THROUGH,e1973293,
cmovne,200,00002410,FALL_THROUGH,e157143b,
cmovnh,17,0003bad2,FALL_THROUGH,e19f0633,
cmovp,18,0004833a,FALL_THROUGH,f197383b,
cmp,13468,00000332,FALL_THROUGH,ee59,
di,20,000001b0,FALL_THROUGH,e0076001,__disable_irq
dispose,4270,0000076c,TERMINATOR,40067f00,
divh,3,00030504,FALL_THROUGH,4320,
divq,726,00032c82,FALL_THROUGH,ee9ffc02,
divqu,39,00054884,FALL_THROUGH,f30ffe0a,
divu,3,000cd232,FALL_THROUGH,e837c202,
ei,24,000013a6,FALL_THROUGH,e0876001,__enable_irq
eiret,6,000702e2,TERMINATOR,e0074801,
feret,1,00064bca,TERMINATOR,e0074a01,
jarl,15182,0000067c,UNCONDITIONAL_CALL,80ff880d,
jmp,3563,00000798,TERMINATOR,7f00,
jr,252,0000570a,UNCONDITIONAL_JUMP,80072802,
ld.b,26,00000418,FALL_THROUGH,0a5f0000,
ld.bu,6619,00000ebc,FALL_THROUGH,a007454c40ac,
ld.h,1789,000002ca,FALL_THROUGH,2a5f0000,
ld.hu,3978,00000cb6,FALL_THROUGH,fe970501,
ld.w,4087,000002ea,FALL_THROUGH,2a5f0100,
ldsr,248,00000204,FALL_THROUGH,ea2f2000,
loop,30,00001488,CONDITIONAL_JUMP,e8060b00,
mov,28462,000001b4,FALL_THROUGH,0008,
movea,12093,000003d8,FALL_THROUGH,205ea500,
movhi,2142,000003e6,FALL_THROUGH,405e0008,
mul,640,00001db8,FALL_THROUGH,ecf74002,
mulh,107,0000208e,FALL_THROUGH,f298,
mulhi,502,00000c9c,FALL_THROUGH,f3f63000,
mulu,197,000329a0,FALL_THROUGH,e1e72202,
nop,704,0000033e,FALL_THROUGH,0000,__nop
not,294,000014fe,FALL_THROUGH,2198,
or,797,000006f4,FALL_THROUGH,0b61,
ori,656,0000026a,FALL_THROUGH,8a560100,
popsp,40,00033286,FALL_THROUGH,ff6760f9,
prepare,4272,00000748,FALL_THROUGH,80076100,
pushsp,40,0003327c,FALL_THROUGH,ff4760f9,
rie,87,00008e78,COMPUTED_JUMP,f84f0000,
sar,109,000030e6,FALL_THROUGH,a832,
satadd,2,00008e60,FALL_THROUGH,c260,
satsubi,2,00018478,FALL_THROUGH,7b4e0000,
satsubr,1,00008e70,FALL_THROUGH,8a68,
sbfc,11,000b233c,FALL_THROUGH,e007823b,
sch1l,2,000cd294,FALL_THROUGH,e04f666b,
set1,75,00001d0e,FALL_THROUGH,e63fe000,
setfc,17,000515d0,FALL_THROUGH,e10f0000,
setfe,90,00002448,FALL_THROUGH,e2ef0000,
setfge,2,000bf4d6,FALL_THROUGH,ee9f0000,
setfgt,17,000358b0,FALL_THROUGH,ef570000,
setfh,14,00004110,FALL_THROUGH,ebef0000,
setflt,7,000042ee,FALL_THROUGH,e6570000,
setfnc,13,0003470e,FALL_THROUGH,e9570000,
setfne,86,00003708,FALL_THROUGH,ea9f0000,
setfnh,2,0008f014,FALL_THROUGH,e3df0000,
shl,2827,00000758,FALL_THROUGH,c3f2,
shr,1426,000002ce,FALL_THROUGH,855a,
sld.b,42,0001aa9a,FALL_THROUGH,0003,
sld.bu,3974,00001540,FALL_THROUGH,6008,
sld.h,1385,00018468,FALL_THROUGH,0014,
sld.hu,2745,00000d50,FALL_THROUGH,7190,
sld.w,2553,00000326,FALL_THROUGH,005d,
sst.b,6949,00000cda,FALL_THROUGH,8403,
sst.h,5764,00000d2c,FALL_THROUGH,8204,
sst.w,3871,000003f8,FALL_THROUGH,015d,
st.b,4791,0000040e,FALL_THROUGH,4a5f0000,
st.h,4543,00000ca6,FALL_THROUGH,a1074d008082,
st.w,2648,000003e2,FALL_THROUGH,6a5f0100,
stsr,86,00000444,FALL_THROUGH,f8574020,
sub,762,00001dc6,FALL_THROUGH,bc09,
subr,495,0000649a,FALL_THROUGH,9309,
switch,247,00005a28,COMPUTED_JUMP,4100,
sxb,12,00008792,FALL_THROUGH,b900,
sxh,462,00032818,FALL_THROUGH,e600,
synci,115,00000208,FALL_THROUGH,1c00,__synchronize
syncm,2,00001424,FALL_THROUGH,1e00,__synchronize
syncp,246,00000280,FALL_THROUGH,1f00,__synchronize
tst,1,0001b3ee,FALL_THROUGH,6009,
tst1,98,000035b2,FALL_THROUGH,c1ff0000,
xor,554,000006d4,FALL_THROUGH,2b51,
xori,275,0000161e,FALL_THROUGH,aa56ff00,
zxb,1991,0000107c,FALL_THROUGH,9300,
zxh,1633,00001bc4,FALL_THROUGH,dc00,
