source,period_ticks,period_us,derivation,evidence
TAUJ0_CH3_foreground_loop,400000,5000,TAUJ0 TPS=0 and CMOR3 CKS=0 CCS=0 select CK0=PCLK. P-Bus is 80 MHz. The steady reload is CDR3=400000-1 so the period is 400000/80 MHz = 5 ms. Startup first loads 400000+10000-1 for a one-time 5.125 ms initial interval.,P1M-E manual section 24.3 plus application_tauj0_init 0x65306 and application_timer_peripheral_reload 0x6547C
TAUJ0_CH0_isr,16000,200,TAUJ0 TPS=0 and CMOR0=0 select the 80-MHz P-Bus CK0. Steady CDR0=16000-1 gives 200 us. The initial reload adds 800 ticks.,CodeFlash table 0x30F7C words 16000 and 800 plus application_tauj0_init 0x65306
TAUJ0_CH1_isr,32000,400,TAUJ0 TPS=0 and CMOR1=0 select the 80-MHz P-Bus CK0. Steady CDR1=32000-1 gives 400 us. The initial reload adds 9200 ticks.,CodeFlash table 0x30F84 words 32000 and 9200 plus application_tauj0_init 0x65306
TAUJ0_CH2_isr,80000,1000,TAUJ0 TPS=0 and CMOR2=0 select the 80-MHz P-Bus CK0. Steady CDR2=80000-1 gives 1 ms. The initial reload adds 9600 ticks.,CodeFlash table 0x30F8C words 80000 and 9600 plus application_tauj0_init 0x65306
CAN_0x260_STEER_TORQUE,4,20000,CAN TX cycle_ticks=4 and one foreground tick is 5000 us.,application_tx_map.csv PDU 0 cycle_ticks=4
CAN_0x262_EPS_STATUS,8,40000,CAN TX cycle_ticks=8 and one foreground tick is 5000 us.,application_tx_map.csv PDU 1 cycle_ticks=8
CAN_0x394,3,15000,CAN TX cycle_ticks=3 and one foreground tick is 5000 us.,application_tx_map.csv PDU 2 cycle_ticks=3
CAN_0x351,2,10000,CAN TX cycle_ticks=2 and one foreground tick is 5000 us.,application_tx_map.csv PDU 3 cycle_ticks=2
CAN_0x4A3,4,20000,CAN TX cycle_ticks=4 and one foreground tick is 5000 us.,application_tx_map.csv PDU 4 cycle_ticks=4
CAN_0x4C8,196,980000,CAN TX cycle_ticks=196 and one foreground tick is 5000 us.,application_tx_map.csv PDU 5 cycle_ticks=196
P_BUS_clock_frequency,unsupported,unsupported,TAUJ runs on the 80-MHz P-Bus. This row records a frequency and is not a period.,P1M-E datasheet Figure 1.3 and hardware manual TAUJ clock selection
CPU_PLL_clock_frequency,unsupported,unsupported,CPU PLL output is 160 MHz. This row records a frequency and is not the TAUJ scheduler clock.,P1M-E datasheet oscillator and PLL characteristics
EXTCLK1O_frequency,unsupported,unsupported,boot_extclk1_init selects 40-MHz CLK_LSB and writes CLKD3DIV=0x50 so EXTCLK1O is 500 kHz. This row records a frequency and is not a period.,boot_extclk1_init 0x10C6 plus P1M-E CKSC3 and CLKD3DIV definitions
