entry_addr,review_state,evidence_grade,verification_source,oracle_class,execution_status,review_date,review_result
0x000001b0,semantically_identified,verified,tests/tooling/verify_architecture.py,instruction_semantics,passed,2026-08-11,Reset entry and initialization role deterministically asserted
0x00004948,semantically_identified,verified,tests/firmware/verify_did_model.py; tests/tooling/verify_security_gate.py,raw_bytes,passed,2026-08-14,Boot WDBI implements ordered 0203→0201→0202 programming handshake; DID/length/order/session/security gates and sequence-state effects are deterministically asserted
0x0000567e,semantically_identified,verified,ghidra/scripts/verify/AssertMemorySafetyPaths.java; tests/firmware/verify_bootloader_diagnostics.py,cfg_dataflow,passed,2026-08-11,Bootloader SID 0x31 RoutineControl handler; RIDs 10F0/10F1/10F2/10F3/FF00 and FF00 authorization/erase-start path recovered after repairing the split prologue
0x00005c92,semantically_identified,verified,tests/tooling/verify_semantic_review_promotions.py,cfg_dataflow,passed,2026-08-14,"Boot RequestTransferExit service identity, payload-crypto finalization, transfer-state cleanup, and response return are deterministically asserted"
0x00005d68,semantically_identified,verified,tests/tooling/verify_memory_safety.py; tests/runtime/verify_payload_gate.py; tests/tooling/verify_security_gate.py,cfg_dataflow,passed,2026-08-14,"Boot RequestDownload address/length classes, programming/security/crypto-ready gates, redownload behavior, compare mode, and payload-gate use are deterministically asserted"
0x00006fec,semantically_identified,verified,tests/firmware/verify_findings.py,instruction_semantics,passed,2026-08-11,SecurityAccess stage-1 key derivation identified
0x00007068,semantically_identified,verified,tests/firmware/verify_findings.py,instruction_semantics,passed,2026-08-11,Payload-build key derivation identified
0x00020880,semantically_identified,verified,tests/tooling/verify_architecture.py,cfg_dataflow,passed,2026-08-11,Application entry and initialization chain identified
0x00034dae,semantically_identified,verified,tests/diagnostics/verify_application_proprietary_ba.py,cfg_dataflow,passed,2026-08-14,SID-0xBA F7/BAENA start semantics independently verified: application-SA2 gate, persistent object-24/object-5 authorization write, and terminal marker/count state
0x00035b86,semantically_identified,recovered,firmware-static Ghidra inspection,cfg_dataflow,unavailable,2026-08-11,First of a mirrored pair of saturated calibration-driven state/reference calculators
0x00035d1e,semantically_identified,recovered,firmware-static Ghidra inspection,cfg_dataflow,unavailable,2026-08-11,Second mirrored saturated calibration-driven state/reference calculator
0x0005bea6,structurally_bounded,bounded,firmware-static Ghidra inspection,cfg_dataflow,unavailable,2026-08-11,Bulk RAM snapshot/copy into FEBE62xx through FEBE64xx state; downstream field semantics unnamed
0x00064fcc,semantically_identified,recovered,tests/tooling/verify_architecture.py,cfg_dataflow,passed,2026-08-11,Foreground scheduler role and major dispatch edges recovered
0x00081424,semantically_identified,verified,tools/test xcp,cfg_dataflow,passed,2026-08-14,XCP WRITE_DAQ callback independently verified: accepts one-byte permitted-LocalRAM source pointers; installs them in the DAQ table; runtime sampler dereferences them only RAM-to-DTO/CAN 0x7F8
0x00086e62,semantically_identified,verified,tests/firmware/verify_icus_key_update.py,cfg_dataflow,passed,2026-08-11,ICU-S command-8 key-update preparation identified
0x000871a0,semantically_identified,verified,tests/firmware/verify_icus_key_update.py; tests/firmware/verify_icus_stage7_static.py,cfg_dataflow,passed,2026-08-14,ICU command-8 key-update completion worker body and completion role are deterministically asserted
0x00087610,semantically_identified,recovered,ghidra/scripts/verify/AssertIcusStage7Static.java,cfg_dataflow,passed,2026-08-11,ICU-S interrupt-channel dispatcher recovered
0x00087ccc,semantically_identified,verified,tests/tooling/verify_semantic_review_promotions.py,cfg_dataflow,passed,2026-08-14,ICU command-5 lower adapter ownership and prepare/start/finish callback installation are deterministically asserted
0x00087dd0,semantically_identified,verified,tests/firmware/verify_icus_stage7_static.py,cfg_dataflow,passed,2026-08-14,ICU command-5 MAC-generate completion path and accepted/rejected completion behavior are deterministically asserted
0x000880dc,semantically_identified,verified,tests/tooling/verify_semantic_review_promotions.py,cfg_dataflow,passed,2026-08-14,ICU command-7 CMAC-verify lower adapter ownership and prepare/start/finish callback installation are deterministically asserted
0x000881dc,semantically_identified,verified,tests/firmware/verify_icus_stage7_static.py,cfg_dataflow,passed,2026-08-14,ICU command-7 CMAC-verify completion path and accepted/rejected completion behavior are deterministically asserted
0x0008997a,semantically_identified,verified,tests/firmware/verify_icus_key_update.py,cfg_dataflow,passed,2026-08-11,Authenticated key-update command path identified
0x000916e2,structurally_bounded,bounded,firmware-static Ghidra inspection,cfg_dataflow,unavailable,2026-08-11,Multi-state protocol/event dispatcher over states 10/11/20/23/24/25/30; exact service semantics unnamed
0x00096354,semantically_identified,verified,tests/firmware/verify_icus_key_update.py,cfg_dataflow,passed,2026-08-11,Application WDBI key-update entry identified
0x0009729a,semantically_identified,recovered,ghidra/scripts/verify/AssertRecoveredCallbackTables.java,cfg_dataflow,passed,2026-08-11,XCP-shaped selector FB response handler recovered
0x000972fa,semantically_identified,recovered,ghidra/scripts/verify/AssertRecoveredCallbackTables.java,cfg_dataflow,passed,2026-08-11,XCP-shaped selector FA indexed response handler recovered
0x00097432,semantically_identified,recovered,ghidra/scripts/verify/AssertRecoveredCallbackTables.java,cfg_dataflow,passed,2026-08-11,XCP-shaped selector F5 bounded upload handler recovered
0x00097546,semantically_identified,recovered,ghidra/scripts/verify/AssertRecoveredCallbackTables.java,cfg_dataflow,passed,2026-08-11,XCP-shaped selector F3 checksum handler recovered
0x000975ee,semantically_identified,recovered,ghidra/scripts/verify/AssertRecoveredCallbackTables.java,cfg_dataflow,passed,2026-08-11,XCP-shaped selector EB page-state writer recovered
0x00097668,semantically_identified,recovered,ghidra/scripts/verify/AssertRecoveredCallbackTables.java,cfg_dataflow,passed,2026-08-11,XCP-shaped selector EA page-state reader recovered
0x000976f4,semantically_identified,recovered,ghidra/scripts/verify/AssertRecoveredCallbackTables.java,cfg_dataflow,passed,2026-08-11,XCP-shaped selector E4 guarded page-copy handler recovered
0x000be8e6,structurally_bounded,bounded,firmware-static Ghidra inspection,cfg_dataflow,unavailable,2026-08-11,Bulk RAM snapshot/copy into FEBEAFxx/FEBEB0xx state; downstream field semantics unnamed
