region,vehicle_id,vehicle_name,install_set_id,install_set_id_hex,architecture_label,selected_category_ids
NA,11310,TEST,3938,0x0F62,FRC,498
NA,12165,MAC,6503,0x1967,EMPS+LDA+FRCAM+ABS+BRKBST+ADS+ADeU+FRC+EMPS2,405 418 430 435 466 476 477 498 499
NA,12310,MAC,6938,0x1B1A,EMPS+LDA+FRCAM+ABS+BRKBST+ADS+ADeU+FRC+EMPS2,405 418 430 435 466 476 477 498 499
NA,12378,Sienna HV,7142,0x1BE6,EMPS+ABS+BRKBST+FRC,405 435 466 498
NA,12385,NX250,7163,0x1BFB,EMPS+ABS+FRC,405 435 498
NA,12386,NX350,7166,0x1BFE,EMPS+ABS+FRC,405 435 498
NA,12387,NX350h,7169,0x1C01,EMPS+ABS+BRKBST+FRC,405 435 466 498
NA,12388,NX450h+,7172,0x1C04,EMPS+ABS+BRKBST+FRC,405 435 466 498
NA,12418,GR Corolla,7262,0x1C5E,EMPS+ABS+FRC,405 435 498
NA,12468,bZ4X,7412,0x1CF4,EMPS+ABS+BRKBST+FRC,405 435 466 498
NA,12469,NX250,7415,0x1CF7,EMPS+ABS+FRC,405 435 498
NA,12470,NX350,7418,0x1CFA,EMPS+ABS+FRC,405 435 498
NA,12471,NX350h,7421,0x1CFD,EMPS+ABS+BRKBST+FRC,405 435 466 498
NA,12491,RX350,7481,0x1D39,EMPS+ABS+FRC,405 435 498
NA,12492,RX350h,7484,0x1D3C,EMPS+ABS+BRKBST+FRC,405 435 466 498
NA,12493,RX500h,7487,0x1D3F,EMPS+ABS+BRKBST+FRC,405 435 466 498
NA,12494,RX450h+,7490,0x1D42,EMPS+ABS+BRKBST+FRC,405 435 466 498
NA,12495,RX350h,7493,0x1D45,EMPS+ABS+BRKBST+FRC,405 435 466 498
NA,12496,RX500h,7496,0x1D48,EMPS+ABS+BRKBST+FRC,405 435 466 498
NA,12497,CROWN HEV,7499,0x1D4B,EMPS+ABS+BRKBST+FRC,405 435 466 498
NA,12498,CROWN HEV,7502,0x1D4E,EMPS+ABS+BRKBST+FRC,405 435 466 498
NA,12499,RX350,7505,0x1D51,EMPS+ABS+FRC,405 435 498
NA,12500,RZ450e,7508,0x1D54,EMPS+ABS+BRKBST+FRC,405 435 466 498
NA,12512,Corolla,7544,0x1D78,EMPS+ABS+FRC,405 435 498
NA,12513,Corolla,7547,0x1D7B,EMPS+ABS+FRC,405 435 498
NA,12514,Corolla HV,7550,0x1D7E,EMPS+ABS+BRKBST+FRC,405 435 466 498
NA,12515,Corolla HV,7553,0x1D81,EMPS+ABS+BRKBST+FRC,405 435 466 498
NA,12516,Corolla,7556,0x1D84,EMPS+ABS+FRC,405 435 498
NA,12538,NX250,7622,0x1DC6,EMPS+ABS+FRC,405 435 498
NA,12539,NX350,7625,0x1DC9,EMPS+ABS+FRC,405 435 498
NA,12540,NX350h,7628,0x1DCC,EMPS+ABS+BRKBST+FRC,405 435 466 498
NA,12541,NX450h+,7631,0x1DCF,EMPS+ABS+BRKBST+FRC,405 435 466 498
NA,12542,Corolla,7634,0x1DD2,EMPS+ABS+FRC,405 435 498
NA,12543,Corolla,7637,0x1DD5,EMPS+ABS+FRC,405 435 498
NA,12549,NX250,7655,0x1DE7,EMPS+ABS+FRC,405 435 498
NA,12550,NX350,7658,0x1DEA,EMPS+ABS+FRC,405 435 498
NA,12551,NX250,7661,0x1DED,EMPS+ABS+FRC,405 435 498
NA,12552,NX350,7664,0x1DF0,EMPS+ABS+FRC,405 435 498
NA,12553,NX350h,7667,0x1DF3,EMPS+ABS+BRKBST+FRC,405 435 466 498
NA,12554,NX350h,7670,0x1DF6,EMPS+ABS+BRKBST+FRC,405 435 466 498
NA,12555,NX450h+,7673,0x1DF9,EMPS+ABS+BRKBST+FRC,405 435 466 498
NA,12564,Sienna HV,7700,0x1E14,EMPS+ABS+BRKBST+FRC,405 435 466 498
NA,12575,Corolla Cross,7733,0x1E35,EMPS+ABS+FRC,405 435 498
NA,12576,Corolla Cross,7736,0x1E38,EMPS+ABS+FRC,405 435 498
NA,12577,Corolla Cross HEV,7739,0x1E3B,EMPS+ABS+BRKBST+FRC,405 435 466 498
NA,12578,Prius,7742,0x1E3E,EMPS+ABS+BRKBST+FRC,405 435 466 498
NA,12579,Prius,7745,0x1E41,EMPS+ABS+BRKBST+FRC,405 435 466 498
NA,12580,NX250,7748,0x1E44,EMPS+ABS+FRC,405 435 498
NA,12581,NX350,7751,0x1E47,EMPS+ABS+FRC,405 435 498
NA,12582,NX350h,7754,0x1E4A,EMPS+ABS+BRKBST+FRC,405 435 466 498
NA,12588,Prius Prime,7772,0x1E5C,EMPS+ABS+BRKBST+FRC,405 435 466 498
NA,12594,bZ4X,7790,0x1E6E,EMPS+ABS+BRKBST+FRC,405 435 466 498
NA,12598,Grand Highlander HEV,7802,0x1E7A,EMPS+ABS+BRKBST+FRC,405 435 466 498
NA,12599,Grand Highlander,7805,0x1E7D,EMPS+ABS+FRC,405 435 498
NA,12600,Grand Highlander HEV,7808,0x1E80,EMPS+ABS+BRKBST+FRC,405 435 466 498
NA,12610,Prius,7838,0x1E9E,EMPS+ABS+BRKBST+FRC,405 435 466 498
NA,12611,Prius,7841,0x1EA1,EMPS+ABS+BRKBST+FRC,405 435 466 498
NA,12612,Corolla,7844,0x1EA4,EMPS+ABS+FRC,405 435 498
NA,12613,Corolla,7847,0x1EA7,EMPS+ABS+FRC,405 435 498
NA,12614,Corolla HV,7850,0x1EAA,EMPS+ABS+BRKBST+FRC,405 435 466 498
NA,12616,Corolla HV,7856,0x1EB0,EMPS+ABS+BRKBST+FRC,405 435 466 498
NA,12618,Corolla,7862,0x1EB6,EMPS+ABS+FRC,405 435 498
NA,12622,RX350,7874,0x1EC2,EMPS+ABS+FRC,405 435 498
NA,12623,RX350h,7877,0x1EC5,EMPS+ABS+BRKBST+FRC,405 435 466 498
NA,12624,RX500h,7880,0x1EC8,EMPS+ABS+BRKBST+FRC,405 435 466 498
NA,12625,RX450h+,7883,0x1ECB,EMPS+ABS+BRKBST+FRC,405 435 466 498
NA,12626,RX350,7886,0x1ECE,EMPS+ABS+FRC,405 435 498
NA,12627,RX350h,7889,0x1ED1,EMPS+ABS+BRKBST+FRC,405 435 466 498
NA,12628,RX500h,7892,0x1ED4,EMPS+ABS+BRKBST+FRC,405 435 466 498
NA,12641,Corolla,7931,0x1EFB,EMPS+ABS+FRC,405 435 498
NA,12642,Corolla,7934,0x1EFE,EMPS+ABS+FRC,405 435 498
NA,12643,GR Corolla,7937,0x1F01,EMPS+ABS+FRC,405 435 498
NA,12644,CROWN HEV,7940,0x1F04,EMPS+ABS+BRKBST+FRC,405 435 466 498
NA,12645,CROWN HEV,7943,0x1F07,EMPS+ABS+BRKBST+FRC,405 435 466 498
NA,12647,TX550h+,7949,0x1F0D,EMPS+ABS+BRKBST+FRC,405 435 466 498
NA,12648,TX350,7952,0x1F10,EMPS+ABS+FRC,405 435 498
NA,12649,TX500h,7955,0x1F13,EMPS+ABS+BRKBST+FRC,405 435 466 498
NA,12676,Corolla Cross,8036,0x1F64,EMPS+ABS+FRC,405 435 498
NA,12677,Corolla Cross,8039,0x1F67,EMPS+ABS+FRC,405 435 498
NA,12678,Corolla Cross HEV,8042,0x1F6A,EMPS+ABS+BRKBST+FRC,405 435 466 498
NA,12679,Prius Prime,8045,0x1F6D,EMPS+ABS+BRKBST+FRC,405 435 466 498
NA,12681,Yaris,8051,0x1F73,EMPS+ABS+FRC,405 435 498
NA,12682,LS500,8054,0x1F76,EMPS+ABS+FRC,405 435 498
NA,12684,LS500h,8060,0x1F7C,EMPS+ABS+BRKBST+FRC,405 435 466 498
NA,12688,RZ450e,8072,0x1F88,EMPS+ABS+BRKBST+FRC,405 435 466 498
NA,12689,RZ300e,8075,0x1F8B,EMPS+ABS+BRKBST+FRC,405 435 466 498
NA,12690,GX550,8078,0x1F8E,EMPS+ABS+FRC,405 435 498
NA,12691,Tacoma,8081,0x1F91,EMPS+ABS+FRC,405 435 498
NA,12693,UX300h,8087,0x1F97,EMPS+ABS+BRKBST+FRC,405 435 466 498
NA,12694,CROWN SIGNIA HEV,8090,0x1F9A,EMPS+ABS+BRKBST+FRC,405 435 466 498
NA,12695,MIRAI,8093,0x1F9D,EMPS+ABS+BRKBST+FRC,405 435 466 498
NA,12697,Land Cruiser HEV,8099,0x1FA3,EMPS+ABS+BRKBST+FRC,405 435 466 498
NA,12698,NX250,8102,0x1FA6,EMPS+ABS+FRC,405 435 498
NA,12699,NX350,8105,0x1FA9,EMPS+ABS+FRC,405 435 498
NA,12700,NX350h,8108,0x1FAC,EMPS+ABS+BRKBST+FRC,405 435 466 498
NA,12701,NX450h+,8111,0x1FAF,EMPS+ABS+BRKBST+FRC,405 435 466 498
NA,12702,Tacoma HEV,8114,0x1FB2,EMPS+ABS+BRKBST+FRC,405 435 466 498
NA,12703,Corolla,8117,0x1FB5,EMPS+ABS+FRC,405 435 498
NA,12704,Camry HV,8120,0x1FB8,EMPS+ABS+BRKBST+FRC,405 435 466 498
NA,12705,Sienna HV,8123,0x1FBB,EMPS+ABS+BRKBST+FRC,405 435 466 498
NA,12706,NX250,8126,0x1FBE,EMPS+ABS+FRC,405 435 498
NA,12707,NX350,8129,0x1FC1,EMPS+ABS+FRC,405 435 498
NA,12708,NX350h,8132,0x1FC4,EMPS+ABS+BRKBST+FRC,405 435 466 498
NA,12709,CROWN HEV,8135,0x1FC7,EMPS+ABS+BRKBST+FRC,405 435 466 498
NA,12710,CROWN HEV,8138,0x1FCA,EMPS+ABS+BRKBST+FRC,405 435 466 498
NA,12714,Grand Highlander,8150,0x1FD6,EMPS+ABS+FRC,405 435 498
NA,12715,Grand Highlander HEV,8153,0x1FD9,EMPS+ABS+BRKBST+FRC,405 435 466 498
NA,12716,Grand Highlander HEV,8156,0x1FDC,EMPS+ABS+BRKBST+FRC,405 435 466 498
NA,12717,Corolla,8159,0x1FDF,EMPS+ABS+FRC,405 435 498
NA,12718,Corolla,8162,0x1FE2,EMPS+ABS+FRC,405 435 498
NA,12719,Corolla HV,8165,0x1FE5,EMPS+ABS+BRKBST+FRC,405 435 466 498
NA,12720,Corolla HV,8168,0x1FE8,EMPS+ABS+BRKBST+FRC,405 435 466 498
NA,12732,Land Cruiser HEV,8204,0x200C,EMPS+ABS+BRKBST+FRC,405 435 466 498
NA,12738,TX350,8222,0x201E,EMPS+ABS+FRC,405 435 498
NA,12739,TX500h,8225,0x2021,EMPS+ABS+BRKBST+FRC,405 435 466 498
NA,12740,TX550h+,8228,0x2024,EMPS+ABS+BRKBST+FRC,405 435 466 498
NA,12743,Corolla,8237,0x202D,EMPS+ABS+FRC,405 435 498
NA,12744,Corolla,8240,0x2030,EMPS+ABS+FRC,405 435 498
NA,12745,Prius,8243,0x2033,EMPS+ABS+BRKBST+FRC,405 435 466 498
NA,12746,Prius,8246,0x2036,EMPS+ABS+BRKBST+FRC,405 435 466 498
NA,12747,Prius PHEV,8249,0x2039,EMPS+ABS+BRKBST+FRC,405 435 466 498
NA,12748,bZ4X,8252,0x203C,EMPS+ABS+BRKBST+FRC,405 435 466 498
NA,12749,RX350,8255,0x203F,EMPS+ABS+FRC,405 435 498
NA,12750,RX350h,8258,0x2042,EMPS+ABS+BRKBST+FRC,405 435 466 498
NA,12751,RX500h,8261,0x2045,EMPS+ABS+BRKBST+FRC,405 435 466 498
NA,12752,RX450h+,8264,0x2048,EMPS+ABS+BRKBST+FRC,405 435 466 498
NA,12757,4Runner,8279,0x2057,EMPS+ABS+FRC,405 435 498
NA,12758,4Runner HEV,8282,0x205A,EMPS+ABS+BRKBST+FRC,405 435 466 498
NA,12759,GR Corolla,8285,0x205D,EMPS+ABS+FRC,405 435 498
NA,12760,GR Corolla,8288,0x2060,EMPS+ABS+FRC,405 435 498
NA,12761,LS500,8291,0x2063,EMPS+ABS+FRC,405 435 498
NA,12763,LS500h,8297,0x2069,EMPS+ABS+BRKBST+FRC,405 435 466 498
NA,12779,GX550,8345,0x2099,EMPS+ABS+FRC,405 435 498
NA,12780,RX350,8348,0x209C,EMPS+ABS+FRC,405 435 498
NA,12781,RX350h,8351,0x209F,EMPS+ABS+BRKBST+FRC,405 435 466 498
NA,12782,RX500h,8354,0x20A2,EMPS+ABS+BRKBST+FRC,405 435 466 498
NA,12783,RZ450e,8357,0x20A5,EMPS+ABS+BRKBST+FRC,405 435 466 498
NA,12784,RZ300e,8360,0x20A8,EMPS+ABS+BRKBST+FRC,405 435 466 498
NA,12786,LX600,8366,0x20AE,EMPS+ABS+BRKBST+FRC,405 435 466 498
NA,12788,Tacoma,8372,0x20B4,EMPS+ABS+FRC,405 435 498
NA,12789,Tacoma,8375,0x20B7,EMPS+ABS+FRC,405 435 498
NA,12790,Tacoma HEV,8378,0x20BA,EMPS+ABS+BRKBST+FRC,405 435 466 498
NA,12791,Corolla Cross,8381,0x20BD,EMPS+ABS+FRC,405 435 498
NA,12792,Corolla Cross,8384,0x20C0,EMPS+ABS+FRC,405 435 498
NA,12793,Corolla Cross HEV,8387,0x20C3,EMPS+ABS+BRKBST+FRC,405 435 466 498
NA,12794,LX700h,8390,0x20C6,EMPS+ABS+BRKBST+FRC,405 435 466 498
NA,12800,MIRAI,8408,0x20D8,EMPS+ABS+BRKBST+FRC,405 435 466 498
NA,12808,Yaris,8432,0x20F0,EMPS+ABS+FRC,405 435 498
NA,12810,Sienna HV,8438,0x20F6,EMPS+ABS+BRKBST+FRC,405 435 466 498
NA,12812,CROWN HEV,8444,0x20FC,EMPS+ABS+BRKBST+FRC,405 435 466 498
NA,12813,CROWN HEV,8447,0x20FF,EMPS+ABS+BRKBST+FRC,405 435 466 498
NA,12815,Prius,8453,0x2105,EMPS+ABS+BRKBST+FRC,405 435 466 498
NA,12816,Prius,8456,0x2108,EMPS+ABS+BRKBST+FRC,405 435 466 498
NA,12817,Prius PHEV,8459,0x210B,EMPS+ABS+BRKBST+FRC,405 435 466 498
NA,12818,NX350,8462,0x210E,EMPS+ABS+FRC,405 435 498
NA,12819,NX350h,8465,0x2111,EMPS+ABS+BRKBST+FRC,405 435 466 498
NA,12820,NX450h+,8468,0x2114,EMPS+ABS+BRKBST+FRC,405 435 466 498
NA,12821,Corolla,8471,0x2117,EMPS+ABS+FRC,405 435 498
NA,12822,Corolla,8474,0x211A,EMPS+ABS+FRC,405 435 498
NA,12823,Corolla HV,8477,0x211D,EMPS+ABS+BRKBST+FRC,405 435 466 498
NA,12824,Corolla HV,8480,0x2120,EMPS+ABS+BRKBST+FRC,405 435 466 498
NA,12827,Corolla,8489,0x2129,EMPS+ABS+FRC,405 435 498
NA,12828,Corolla Cross,8492,0x212C,EMPS+ABS+FRC,405 435 498
NA,12829,Corolla Cross,8495,0x212F,EMPS+ABS+FRC,405 435 498
NA,12830,Corolla Cross HEV,8498,0x2132,EMPS+ABS+BRKBST+FRC,405 435 466 498
NA,12831,NX350,8501,0x2135,EMPS+ABS+FRC,405 435 498
NA,12832,NX350h,8504,0x2138,EMPS+ABS+BRKBST+FRC,405 435 466 498
NA,12837,RZ450e,8519,0x2147,EMPS+FRC,405 498
NA,12838,RZ350e,8522,0x214A,EMPS+FRC,405 498
NA,12843,bZ,8537,0x2159,EMPS+FRC,405 498
NA,12844,GX550,8540,0x215C,EMPS+ABS+FRC,405 435 498
NA,12853,RX350,8567,0x2177,EMPS+ABS+FRC,405 435 498
NA,12854,RX350h,8570,0x217A,EMPS+ABS+BRKBST+FRC,405 435 466 498
NA,12855,RX500h,8573,0x217D,EMPS+ABS+BRKBST+FRC,405 435 466 498
NA,12856,RX450h+,8576,0x2180,EMPS+ABS+BRKBST+FRC,405 435 466 498
NA,12857,TX350,8579,0x2183,EMPS+ABS+FRC,405 435 498
NA,12858,TX500h,8582,0x2186,EMPS+ABS+BRKBST+FRC,405 435 466 498
NA,12859,TX550h+,8585,0x2189,EMPS+ABS+BRKBST+FRC,405 435 466 498
NA,12860,4Runner,8588,0x218C,EMPS+ABS+FRC,405 435 498
NA,12861,4Runner HEV,8591,0x218F,EMPS+ABS+BRKBST+FRC,405 435 466 498
NA,12862,Camry HV,8594,0x2192,EMPS+ABS+BRKBST+FRC,405 435 466 498
NA,12865,Corolla,8603,0x219B,EMPS+ABS+FRC,405 435 498
NA,12866,Corolla,8606,0x219E,EMPS+ABS+FRC,405 435 498
NA,12867,Land Cruiser HEV,8609,0x21A1,EMPS+ABS+BRKBST+FRC,405 435 466 498
NA,12868,Grand Highlander,8612,0x21A4,EMPS+ABS+FRC,405 435 498
NA,12869,Grand Highlander HEV,8615,0x21A7,EMPS+ABS+BRKBST+FRC,405 435 466 498
NA,12870,Grand Highlander HEV,8618,0x21AA,EMPS+ABS+BRKBST+FRC,405 435 466 498
NA,12871,C-HR BEV,8621,0x21AD,EMPS+FRC,405 498
NA,12872,LS500,8624,0x21B0,EMPS+ABS+FRC,405 435 498
NA,12873,RX350,8627,0x21B3,EMPS+ABS+FRC,405 435 498
NA,12874,RX350h,8630,0x21B6,EMPS+ABS+BRKBST+FRC,405 435 466 498
NA,12875,RX500h,8633,0x21B9,EMPS+ABS+BRKBST+FRC,405 435 466 498
NA,12876,GR Corolla,8636,0x21BC,EMPS+ABS+FRC,405 435 498
NA,12877,GR Corolla,8639,0x21BF,EMPS+ABS+FRC,405 435 498
NA,12882,LX600,8654,0x21CE,EMPS+ABS+BRKBST+FRC,405 435 466 498
NA,12883,LX700h,8657,0x21D1,EMPS+ABS+BRKBST+FRC,405 435 466 498
NA,12884,Tacoma,8660,0x21D4,EMPS+ABS+FRC,405 435 498
NA,12885,Tacoma,8663,0x21D7,EMPS+ABS+FRC,405 435 498
NA,12886,Tacoma HEV,8666,0x21DA,EMPS+ABS+BRKBST+FRC,405 435 466 498
NA,12895,IS350,8693,0x21F5,EMPS+ABS+FRC,405 435 498
NA,12896,bZ Woodland,8696,0x21F8,EMPS+FRC,405 498
NA,12898,RZ500e,8702,0x21FE,EMPS+FRC,405 498
NA,12899,RZ550e,8705,0x2201,EMPS+FRC,405 498
NA,12901,CROWN SIGNIA HEV,8711,0x2207,EMPS+ABS+BRKBST+FRC,405 435 466 498
NA,12902,UX300h,8714,0x220A,EMPS+ABS+BRKBST+FRC,405 435 466 498
NA,12903,MIRAI,8717,0x220D,EMPS+ABS+BRKBST+FRC,405 435 466 498
NA,12904,MAC,8720,0x2210,EMPS+LDA+FRCAM+ABS+BRKBST+ADS+ADeU+FRC+EMPS2,405 418 430 435 466 476 477 498 499
NA,12905,MAC,8723,0x2213,EMPS+LDA+FRCAM+ABS+BRKBST+ADS+ADeU+FRC+EMPS2,405 418 430 435 466 476 477 498 499
NA,12906,GR Corolla,8726,0x2216,EMPS+ABS+FRC,405 435 498
NA,12907,GR Corolla,8729,0x2219,EMPS+ABS+FRC,405 435 498
NA,12909,Land Cruiser HEV,8735,0x221F,EMPS+FRC,405 498
NA,12910,Sienna HV,8738,0x2222,EMPS+ABS+BRKBST+FRC,405 435 466 498
NA,12911,Yaris,8741,0x2225,EMPS+ABS+FRC,405 435 498
NA,12926,Hilux,8786,0x2252,EMPS+ABS+FRC,405 435 498
NA,12927,Hilux,8789,0x2255,EMPS+ABS+FRC,405 435 498
NA,12928,Hilux,8792,0x2258,EMPS+ABS+FRC,405 435 498
NA,12929,Hilux,8795,0x225B,EMPS+ABS+FRC,405 435 498
NA,12933,Prius,8807,0x2267,EMPS+FRC,405 498
NA,12934,Prius,8810,0x226A,EMPS+FRC,405 498
NA,12935,Prius PHEV,8813,0x226D,EMPS+FRC,405 498
NA,12936,Corolla,8816,0x2270,EMPS+FRC,405 498
NA,12937,Corolla,8819,0x2273,EMPS+FRC,405 498
NA,12938,Corolla,8822,0x2276,EMPS+FRC,405 498
NA,12939,Corolla HV,8825,0x2279,EMPS+FRC,405 498
NA,12940,Corolla HV,8828,0x227C,EMPS+FRC,405 498
NA,12950,CROWN HEV,8858,0x229A,EMPS+FRC,405 498
NA,12951,CROWN HEV,8861,0x229D,EMPS+FRC,405 498
NA,12952,Corolla,8864,0x22A0,EMPS+FRC,405 498
NA,12955,Corolla,8873,0x22A9,EMPS+FRC,405 498
NA,12958,IS350,8882,0x22B2,EMPS+ABS+FRC,405 435 498
NA,12959,GX550,8885,0x22B5,EMPS+ABS+FRC,405 435 498
NA,12960,TX350,8888,0x22B8,EMPS+ABS+FRC,405 435 498
NA,12961,TX500h,8891,0x22BB,EMPS+FRC,405 498
NA,12962,RX350,8894,0x22BE,EMPS+ABS+FRC,405 435 498
NA,12963,RX450h+,8897,0x22C1,EMPS+FRC,405 498
NA,12964,Corolla Cross,8900,0x22C4,EMPS+ABS+FRC,405 435 498
NA,12965,Corolla Cross,8903,0x22C7,EMPS+ABS+FRC,405 435 498
NA,12966,Corolla Cross HEV,8906,0x22CA,EMPS+ABS+BRKBST+FRC,405 435 466 498
NA,12967,RX350,8909,0x22CD,EMPS+ABS+FRC,405 435 498
NA,12968,RX350h,8912,0x22D0,EMPS+FRC,405 498
NA,12969,RX500h,8915,0x22D3,EMPS+FRC,405 498
NA,12970,Grand Highlander,8918,0x22D6,EMPS+ABS+FRC,405 435 498
NA,12971,Grand Highlander HEV,8921,0x22D9,EMPS+FRC,405 498
NA,12972,Grand Highlander HEV,8924,0x22DC,EMPS+FRC,405 498
NA,12977,bZ,8939,0x22EB,EMPS+FRC,405 498
NA,12978,C-HR BEV,8942,0x22EE,EMPS+FRC,405 498
NA,12979,bZ Woodland,8945,0x22F1,EMPS+FRC,405 498
NA,12982,LX600,8954,0x22FA,EMPS+FRC,405 498
NA,12983,LX700h,8957,0x22FD,EMPS+FRC,405 498
NA,12984,Camry HV,8960,0x2300,EMPS+ABS+BRKBST+FRC,405 435 466 498
NA,12988,Tacoma,8972,0x230C,EMPS+ABS+FRC,405 435 498
NA,12989,Tacoma,8975,0x230F,EMPS+FRC,405 498
NA,12990,Tacoma HEV,8978,0x2312,EMPS+FRC,405 498
NA,12991,4Runner,8981,0x2315,EMPS+FRC,405 498
NA,12992,4Runner HEV,8984,0x2318,EMPS+FRC,405 498
NA,12993,CROWN SIGNIA HEV,8987,0x231B,EMPS+FRC,405 498
EU,2231,TEST,6701,0x1A2D,ABS+FRC,435 498
EU,2756,TEST,8276,0x2054,ABS+FRC,435 498
EU,3814,MAC,11450,0x2CBA,EMPS+LDA+FRCAM+ABS+BRKBST+ADS+ADeU+FRC+EMPS2,405 418 430 435 466 476 477 498 499
EU,4247,MAC,12749,0x31CD,EMPS+LDA+FRCAM+ABS+BRKBST+ADS+ADeU+FRC+EMPS2,405 418 430 435 466 476 477 498 499
EU,4484,NX250/NX260,13460,0x3494,EMPS+ABS+FRC,405 435 498
EU,4486,NX200,13466,0x349A,EMPS+ABS+FRC,405 435 498
EU,4488,NX350,13472,0x34A0,EMPS+ABS+FRC,405 435 498
EU,4490,NX350h,13478,0x34A6,EMPS+ABS+BRKBST+FRC,405 435 466 498
EU,4492,NX350h,13484,0x34AC,EMPS+ABS+BRKBST+FRC,405 435 466 498
EU,4494,NX350h,13490,0x34B2,EMPS+ABS+BRKBST+FRC,405 435 466 498
EU,4496,NX350h,13496,0x34B8,EMPS+ABS+BRKBST+FRC,405 435 466 498
EU,4498,NX400h+,13502,0x34BE,EMPS+ABS+BRKBST+FRC,405 435 466 498
EU,4499,NX450h+,13505,0x34C1,EMPS+ABS+BRKBST+FRC,405 435 466 498
EU,4616,GR COROLLA,13856,0x3620,EMPS+ABS+FRC,405 435 498
EU,4755,NOAH/VOXY,14273,0x37C1,EMPS+ABS+FRC,405 435 498
EU,4820,bZ4X,14468,0x3884,EMPS+ABS+BRKBST+FRC,405 435 466 498
EU,4821,bZ4X,14471,0x3887,EMPS+ABS+BRKBST+FRC,405 435 466 498
EU,4841,bZ4X,14531,0x38C3,EMPS+ABS+BRKBST+FRC,405 435 466 498
EU,4842,bZ4X,14534,0x38C6,EMPS+ABS+BRKBST+FRC,405 435 466 498
EU,4843,bZ4X,14537,0x38C9,EMPS+ABS+BRKBST+FRC,405 435 466 498
EU,4844,bZ4X,14540,0x38CC,EMPS+ABS+BRKBST+FRC,405 435 466 498
EU,4855,SIENNA HV,14573,0x38ED,EMPS+ABS+BRKBST+FRC,405 435 466 498
EU,4872,SIENTA,14624,0x3920,EMPS+ABS+FRC,405 435 498
EU,4873,SIENTA HEV,14627,0x3923,EMPS+ABS+BRKBST+FRC,405 435 466 498
EU,4878,COROLLA CROSS,14642,0x3932,EMPS+ABS+FRC,405 435 498
EU,4879,COROLLA CROSS HV,14645,0x3935,EMPS+ABS+BRKBST+FRC,405 435 466 498
EU,4880,COROLLA CROSS HV,14648,0x3938,EMPS+ABS+BRKBST+FRC,405 435 466 498
EU,4973,RX350,14927,0x3A4F,EMPS+ABS+FRC,405 435 498
EU,4974,RX350h,14930,0x3A52,EMPS+ABS+BRKBST+FRC,405 435 466 498
EU,4975,RX350h,14933,0x3A55,EMPS+ABS+BRKBST+FRC,405 435 466 498
EU,4977,RX350h,14939,0x3A5B,EMPS+ABS+BRKBST+FRC,405 435 466 498
EU,4978,RX350h,14942,0x3A5E,EMPS+ABS+BRKBST+FRC,405 435 466 498
EU,4979,RX500h,14945,0x3A61,EMPS+ABS+BRKBST+FRC,405 435 466 498
EU,4980,RX450h+,14948,0x3A64,EMPS+ABS+BRKBST+FRC,405 435 466 498
EU,4981,RX450h+,14951,0x3A67,EMPS+ABS+BRKBST+FRC,405 435 466 498
EU,4982,RX350h,14954,0x3A6A,EMPS+ABS+BRKBST+FRC,405 435 466 498
EU,4983,RX500h,14957,0x3A6D,EMPS+ABS+BRKBST+FRC,405 435 466 498
EU,4984,CROWN HEV,14960,0x3A70,EMPS+ABS+BRKBST+FRC,405 435 466 498
EU,4986,CROWN HEV,14966,0x3A76,EMPS+ABS+BRKBST+FRC,405 435 466 498
EU,4988,CROWN HEV,14972,0x3A7C,EMPS+ABS+BRKBST+FRC,405 435 466 498
EU,4990,RX350,14978,0x3A82,EMPS+ABS+FRC,405 435 498
EU,4991,RZ450e,14981,0x3A85,EMPS+ABS+BRKBST+FRC,405 435 466 498
EU,5041,COROLLA,15131,0x3B1B,EMPS+ABS+FRC,405 435 498
EU,5042,COROLLA,15134,0x3B1E,EMPS+ABS+FRC,405 435 498
EU,5043,COROLLA,15137,0x3B21,EMPS+ABS+FRC,405 435 498
EU,5044,COROLLA,15140,0x3B24,EMPS+ABS+FRC,405 435 498
EU,5047,COROLLA HEV,15149,0x3B2D,EMPS+ABS+BRKBST+FRC,405 435 466 498
EU,5048,COROLLA HEV,15152,0x3B30,EMPS+ABS+BRKBST+FRC,405 435 466 498
EU,5049,COROLLA HEV,15155,0x3B33,EMPS+ABS+BRKBST+FRC,405 435 466 498
EU,5050,COROLLA HEV,15158,0x3B36,EMPS+ABS+BRKBST+FRC,405 435 466 498
EU,5053,COROLLA/COROLLA SPORT,15167,0x3B3F,EMPS+ABS+FRC,405 435 498
EU,5054,COROLLA/COROLLA SPORT,15170,0x3B42,EMPS+ABS+FRC,405 435 498
EU,5055,COROLLA HEV,15173,0x3B45,EMPS+ABS+BRKBST+FRC,405 435 466 498
EU,5069,COROLLA HEV,15215,0x3B6F,EMPS+ABS+BRKBST+FRC,405 435 466 498
EU,5105,COROLLA,15323,0x3BDB,EMPS+ABS+FRC,405 435 498
EU,5106,COROLLA,15326,0x3BDE,EMPS+ABS+FRC,405 435 498
EU,5107,COROLLA,15329,0x3BE1,EMPS+ABS+FRC,405 435 498
EU,5108,COROLLA,15332,0x3BE4,EMPS+ABS+FRC,405 435 498
EU,5109,COROLLA,15335,0x3BE7,EMPS+ABS+FRC,405 435 498
EU,5111,COROLLA,15341,0x3BED,EMPS+ABS+FRC,405 435 498
EU,5113,COROLLA,15347,0x3BF3,EMPS+ABS+FRC,405 435 498
EU,5115,COROLLA,15353,0x3BF9,EMPS+ABS+FRC,405 435 498
EU,5172,INNOVA/KIJANG INNOVA,15524,0x3CA4,EMPS+ABS+FRC,405 435 498
EU,5174,INNOVA HEV/KIJANG INNOVA HEV,15530,0x3CAA,EMPS+ABS+BRKBST+FRC,405 435 466 498
EU,5177,COROLLA CROSS,15539,0x3CB3,EMPS+ABS+FRC,405 435 498
EU,5178,COROLLA CROSS,15542,0x3CB6,EMPS+ABS+FRC,405 435 498
EU,5179,COROLLA CROSS HEV,15545,0x3CB9,EMPS+ABS+BRKBST+FRC,405 435 466 498
EU,5180,PRIUS,15548,0x3CBC,EMPS+ABS+BRKBST+FRC,405 435 466 498
EU,5181,PRIUS,15551,0x3CBF,EMPS+ABS+BRKBST+FRC,405 435 466 498
EU,5183,COROLLA,15557,0x3CC5,EMPS+ABS+FRC,405 435 498
EU,5185,COROLLA,15563,0x3CCB,EMPS+ABS+FRC,405 435 498
EU,5187,COROLLA,15569,0x3CD1,EMPS+ABS+FRC,405 435 498
EU,5189,COROLLA,15575,0x3CD7,EMPS+ABS+FRC,405 435 498
EU,5207,COROLLA HEV,15629,0x3D0D,EMPS+ABS+BRKBST+FRC,405 435 466 498
EU,5209,COROLLA HEV,15635,0x3D13,EMPS+ABS+BRKBST+FRC,405 435 466 498
EU,5210,COROLLA HEV,15638,0x3D16,EMPS+ABS+BRKBST+FRC,405 435 466 498
EU,5213,LBX,15647,0x3D1F,EMPS+ABS+BRKBST+FRC,405 435 466 498
EU,5214,LBX,15650,0x3D22,EMPS+ABS+BRKBST+FRC,405 435 466 498
EU,5215,ALPHARD/VELLFIRE,15653,0x3D25,EMPS+ABS+FRC,405 435 498
EU,5217,ALPHARD/VELLFIRE,15659,0x3D2B,EMPS+ABS+FRC,405 435 498
EU,5218,ALPHARD HEV/VELLFIRE HEV,15662,0x3D2E,EMPS+ABS+BRKBST+FRC,405 435 466 498
EU,5220,ALPHARD HEV/VELLFIRE HEV,15668,0x3D34,EMPS+ABS+BRKBST+FRC,405 435 466 498
EU,5221,ALPHARD HEV/VELLFIRE HEV,15671,0x3D37,EMPS+ABS+BRKBST+FRC,405 435 466 498
EU,5222,ALPHARD HEV/CROWN VELLFIRE HEV,15674,0x3D3A,EMPS+ABS+BRKBST+FRC,405 435 466 498
EU,5223,LM350h,15677,0x3D3D,EMPS+ABS+BRKBST+FRC,405 435 466 498
EU,5224,LM350h,15680,0x3D40,EMPS+ABS+BRKBST+FRC,405 435 466 498
EU,5225,LM500h,15683,0x3D43,EMPS+ABS+BRKBST+FRC,405 435 466 498
EU,5233,NX350,15707,0x3D5B,EMPS+ABS+FRC,405 435 498
EU,5234,NX350h,15710,0x3D5E,EMPS+ABS+BRKBST+FRC,405 435 466 498
EU,5235,NX350h,15713,0x3D61,EMPS+ABS+BRKBST+FRC,405 435 466 498
EU,5236,NX350h,15716,0x3D64,EMPS+ABS+BRKBST+FRC,405 435 466 498
EU,5237,NX350h,15719,0x3D67,EMPS+ABS+BRKBST+FRC,405 435 466 498
EU,5238,NX450h+,15722,0x3D6A,EMPS+ABS+BRKBST+FRC,405 435 466 498
EU,5239,NX400h+,15725,0x3D6D,EMPS+ABS+BRKBST+FRC,405 435 466 498
EU,5241,PRIUS,15731,0x3D73,EMPS+ABS+BRKBST+FRC,405 435 466 498
EU,5242,PRIUS PHEV,15734,0x3D76,EMPS+ABS+BRKBST+FRC,405 435 466 498
EU,5243,SHIJI,15737,0x3D79,EMPS+ABS+BRKBST+FRC,405 435 466 498
EU,5255,COROLLA HEV,15773,0x3D9D,EMPS+ABS+BRKBST+FRC,405 435 466 498
EU,5256,LEVIN HEV,15776,0x3DA0,EMPS+ABS+BRKBST+FRC,405 435 466 498
EU,5286,ALLION,15866,0x3DFA,EMPS+ABS+FRC,405 435 498
EU,5287,ALLION,15869,0x3DFD,EMPS+ABS+FRC,405 435 498
EU,5288,FRONTLANDER,15872,0x3E00,EMPS+ABS+FRC,405 435 498
EU,5289,FRONTLANDER,15875,0x3E03,EMPS+ABS+FRC,405 435 498
EU,5290,FRONTLANDER,15878,0x3E06,EMPS+ABS+FRC,405 435 498
EU,5291,FRONTLANDER,15881,0x3E09,EMPS+ABS+FRC,405 435 498
EU,5315,COROLLA CROSS,15953,0x3E51,EMPS+ABS+FRC,405 435 498
EU,5316,COROLLA CROSS,15956,0x3E54,EMPS+ABS+FRC,405 435 498
EU,5317,COROLLA,15959,0x3E57,EMPS+ABS+FRC,405 435 498
EU,5318,COROLLA,15962,0x3E5A,EMPS+ABS+FRC,405 435 498
EU,5319,LEVIN,15965,0x3E5D,EMPS+ABS+FRC,405 435 498
EU,5320,LEVIN,15968,0x3E60,EMPS+ABS+FRC,405 435 498
EU,5321,LEVIN GT,15971,0x3E63,EMPS+ABS+FRC,405 435 498
EU,5326,bZ4X,15986,0x3E72,EMPS+ABS+BRKBST+FRC,405 435 466 498
EU,5327,bZ4X,15989,0x3E75,EMPS+ABS+BRKBST+FRC,405 435 466 498
EU,5331,COROLLA CROSS HV,16001,0x3E81,EMPS+ABS+BRKBST+FRC,405 435 466 498
EU,5332,COROLLA CROSS HV,16004,0x3E84,EMPS+ABS+BRKBST+FRC,405 435 466 498
EU,5333,COROLLA CROSS HV,16007,0x3E87,EMPS+ABS+BRKBST+FRC,405 435 466 498
EU,5340,NX250/NX260,16028,0x3E9C,EMPS+ABS+FRC,405 435 498
EU,5341,NX200,16031,0x3E9F,EMPS+ABS+FRC,405 435 498
EU,5359,bZ4X,16085,0x3ED5,EMPS+ABS+BRKBST+FRC,405 435 466 498
EU,5360,bZ4X,16088,0x3ED8,EMPS+ABS+BRKBST+FRC,405 435 466 498
EU,5361,bZ4X,16091,0x3EDB,EMPS+ABS+BRKBST+FRC,405 435 466 498
EU,5362,bZ4X,16094,0x3EDE,EMPS+ABS+BRKBST+FRC,405 435 466 498
EU,5377,COROLLA CROSS HEV,16139,0x3F0B,EMPS+ABS+BRKBST+FRC,405 435 466 498
EU,5378,FRONTLANDER HEV,16142,0x3F0E,EMPS+ABS+BRKBST+FRC,405 435 466 498
EU,5379,ALLION HEV,16145,0x3F11,EMPS+ABS+BRKBST+FRC,405 435 466 498
EU,5380,LEVIN GT HEV,16148,0x3F14,EMPS+ABS+BRKBST+FRC,405 435 466 498
EU,5383,CROWN FCEV,16157,0x3F1D,EMPS+ABS+BRKBST+FRC,405 435 466 498
EU,5384,CROWN HEV,16160,0x3F20,EMPS+ABS+BRKBST+FRC,405 435 466 498
EU,5386,CROWN HEV,16166,0x3F26,EMPS+ABS+BRKBST+FRC,405 435 466 498
EU,5401,PRIUS,16211,0x3F53,EMPS+ABS+BRKBST+FRC,405 435 466 498
EU,5402,PRIUS,16214,0x3F56,EMPS+ABS+BRKBST+FRC,405 435 466 498
EU,5403,PRIUS,16217,0x3F59,EMPS+ABS+BRKBST+FRC,405 435 466 498
EU,5405,COROLLA,16223,0x3F5F,EMPS+ABS+FRC,405 435 498
EU,5406,COROLLA,16226,0x3F62,EMPS+ABS+FRC,405 435 498
EU,5407,COROLLA,16229,0x3F65,EMPS+ABS+FRC,405 435 498
EU,5408,COROLLA,16232,0x3F68,EMPS+ABS+FRC,405 435 498
EU,5411,COROLLA HEV,16241,0x3F71,EMPS+ABS+BRKBST+FRC,405 435 466 498
EU,5412,COROLLA HEV,16244,0x3F74,EMPS+ABS+BRKBST+FRC,405 435 466 498
EU,5413,COROLLA HEV,16247,0x3F77,EMPS+ABS+BRKBST+FRC,405 435 466 498
EU,5414,COROLLA HEV,16250,0x3F7A,EMPS+ABS+BRKBST+FRC,405 435 466 498
EU,5417,COROLLA/COROLLA SPORT,16259,0x3F83,EMPS+ABS+FRC,405 435 498
EU,5418,COROLLA/COROLLA SPORT,16262,0x3F86,EMPS+ABS+FRC,405 435 498
EU,5455,RX350,16373,0x3FF5,EMPS+ABS+FRC,405 435 498
EU,5456,RX350h,16376,0x3FF8,EMPS+ABS+BRKBST+FRC,405 435 466 498
EU,5457,RX350h,16379,0x3FFB,EMPS+ABS+BRKBST+FRC,405 435 466 498
EU,5458,RX350h,16382,0x3FFE,EMPS+ABS+BRKBST+FRC,405 435 466 498
EU,5460,RX350h,16388,0x4004,EMPS+ABS+BRKBST+FRC,405 435 466 498
EU,5461,RX500h,16391,0x4007,EMPS+ABS+BRKBST+FRC,405 435 466 498
EU,5462,RX450h+,16394,0x400A,EMPS+ABS+BRKBST+FRC,405 435 466 498
EU,5463,RX450h+,16397,0x400D,EMPS+ABS+BRKBST+FRC,405 435 466 498
EU,5464,RX350,16400,0x4010,EMPS+ABS+FRC,405 435 498
EU,5465,RX350h,16403,0x4013,EMPS+ABS+BRKBST+FRC,405 435 466 498
EU,5466,RX500h,16406,0x4016,EMPS+ABS+BRKBST+FRC,405 435 466 498
EU,5488,CROWN HEV,16472,0x4058,EMPS+ABS+BRKBST+FRC,405 435 466 498
EU,5490,CROWN HEV,16478,0x405E,EMPS+ABS+BRKBST+FRC,405 435 466 498
EU,5492,CROWN HEV,16484,0x4064,EMPS+ABS+BRKBST+FRC,405 435 466 498
EU,5494,CROWN HEV,16490,0x406A,EMPS+ABS+BRKBST+FRC,405 435 466 498
EU,5567,C-HR HEV,16709,0x4145,EMPS+ABS+BRKBST+FRC,405 435 466 498
EU,5568,C-HR HEV,16712,0x4148,EMPS+ABS+BRKBST+FRC,405 435 466 498
EU,5578,COROLLA CROSS,16742,0x4166,EMPS+ABS+FRC,405 435 498
EU,5579,COROLLA CROSS,16745,0x4169,EMPS+ABS+FRC,405 435 498
EU,5580,COROLLA CROSS HEV,16748,0x416C,EMPS+ABS+BRKBST+FRC,405 435 466 498
EU,5592,YARIS,16784,0x4190,EMPS+ABS+FRC,405 435 498
EU,5595,LS500,16793,0x4199,EPS_P4+EMPS+ABS+FRC,142 405 435 498
EU,5597,LS500h,16799,0x419F,EMPS+ABS+BRKBST+FRC,405 435 466 498
EU,5600,RZ450e,16808,0x41A8,EMPS+ABS+BRKBST+FRC,405 435 466 498
EU,5601,RZ300e,16811,0x41AB,EMPS+ABS+BRKBST+FRC,405 435 466 498
EU,5602,LAND CR PRADO,16814,0x41AE,EMPS+ABS+FRC,405 435 498
EU,5604,LAND CR PRADO,16820,0x41B4,EMPS+ABS+FRC,405 435 498
EU,5606,LAND CR PRADO,16826,0x41BA,EMPS+ABS+FRC,405 435 498
EU,5608,LAND CR PRADO,16832,0x41C0,EMPS+ABS+FRC,405 435 498
EU,5610,LAND CR PRADO,16838,0x41C6,EMPS+ABS+FRC,405 435 498
EU,5612,LAND CR PRADO,16844,0x41CC,EMPS+ABS+FRC,405 435 498
EU,5614,LAND CR PRADO HEV,16850,0x41D2,EMPS+ABS+BRKBST+FRC,405 435 466 498
EU,5617,GX550,16859,0x41DB,EMPS+ABS+FRC,405 435 498
EU,5618,Tacoma,16862,0x41DE,EMPS+ABS+FRC,405 435 498
EU,5620,YARIS,16868,0x41E4,EMPS+ABS+FRC,405 435 498
EU,5621,YARIS,16871,0x41E7,EMPS+ABS+FRC,405 435 498
EU,5622,YARIS HV,16874,0x41EA,EMPS+ABS+BRKBST+FRC,405 435 466 498
EU,5623,YARIS HV,16877,0x41ED,EMPS+ABS+BRKBST+FRC,405 435 466 498
EU,5625,YARIS HV,16883,0x41F3,EMPS+ABS+BRKBST+FRC,405 435 466 498
EU,5626,YARIS HV,16886,0x41F6,EMPS+ABS+BRKBST+FRC,405 435 466 498
EU,5627,YARIS HV,16889,0x41F9,EMPS+ABS+BRKBST+FRC,405 435 466 498
EU,5628,YARIS HV,16892,0x41FC,EMPS+ABS+BRKBST+FRC,405 435 466 498
EU,5629,YARIS CROSS HV,16895,0x41FF,EMPS+ABS+BRKBST+FRC,405 435 466 498
EU,5630,YARIS CROSS HV,16898,0x4202,EMPS+ABS+BRKBST+FRC,405 435 466 498
EU,5631,COROLLA HEV,16901,0x4205,EMPS+ABS+BRKBST+FRC,405 435 466 498
EU,5632,COROLLA HEV,16904,0x4208,EMPS+ABS+BRKBST+FRC,405 435 466 498
EU,5651,UX300h,16961,0x4241,EMPS+ABS+BRKBST+FRC,405 435 466 498
EU,5652,UX300h,16964,0x4244,EMPS+ABS+BRKBST+FRC,405 435 466 498
EU,5653,UX300e,16967,0x4247,EMPS+ABS+BRKBST+FRC,405 435 466 498
EU,5654,C-HR HEV,16970,0x424A,EMPS+ABS+BRKBST+FRC,405 435 466 498
EU,5655,C-HR PHEV,16973,0x424D,EMPS+ABS+BRKBST+FRC,405 435 466 498
EU,5656,COROLLA CROSS,16976,0x4250,EMPS+ABS+FRC,405 435 498
EU,5672,COROLLA CROSS HV,17024,0x4280,EMPS+ABS+BRKBST+FRC,405 435 466 498
EU,5673,COROLLA CROSS HV,17027,0x4283,EMPS+ABS+BRKBST+FRC,405 435 466 498
EU,5674,COROLLA CROSS HV,17030,0x4286,EMPS+ABS+BRKBST+FRC,405 435 466 498
EU,5675,COROLLA,17033,0x4289,EMPS+ABS+FRC,405 435 498
EU,5676,COROLLA,17036,0x428C,EMPS+ABS+FRC,405 435 498
EU,5677,COROLLA,17039,0x428F,EMPS+ABS+FRC,405 435 498
EU,5678,COROLLA,17042,0x4292,EMPS+ABS+FRC,405 435 498
EU,5695,COROLLA HEV,17093,0x42C5,EMPS+ABS+BRKBST+FRC,405 435 466 498
EU,5700,MIRAI,17108,0x42D4,EMPS+ABS+BRKBST+FRC,405 435 466 498
EU,5708,CENTURY,17132,0x42EC,EMPS+ABS+BRKBST+FRC,405 435 466 498
EU,5730,GX550h,17198,0x432E,EMPS+ABS+BRKBST+FRC,405 435 466 498
EU,5731,NX250/NX260,17201,0x4331,EMPS+ABS+FRC,405 435 498
EU,5732,NX200,17204,0x4334,EMPS+ABS+FRC,405 435 498
EU,5733,NX350,17207,0x4337,EMPS+ABS+FRC,405 435 498
EU,5734,NX350h,17210,0x433A,EMPS+ABS+BRKBST+FRC,405 435 466 498
EU,5735,NX350h,17213,0x433D,EMPS+ABS+BRKBST+FRC,405 435 466 498
EU,5736,NX350h,17216,0x4340,EMPS+ABS+BRKBST+FRC,405 435 466 498
EU,5737,NX350h,17219,0x4343,EMPS+ABS+BRKBST+FRC,405 435 466 498
EU,5738,NX450h+,17222,0x4346,EMPS+ABS+BRKBST+FRC,405 435 466 498
EU,5739,NX450h+,17225,0x4349,EMPS+ABS+BRKBST+FRC,405 435 466 498
EU,5740,NX400h+,17228,0x434C,EMPS+ABS+BRKBST+FRC,405 435 466 498
EU,5741,CAMRY,17231,0x434F,EMPS+ABS+FRC,405 435 498
EU,5742,CAMRY HEV,17234,0x4352,EMPS+ABS+BRKBST+FRC,405 435 466 498
EU,5743,CAMRY HEV,17237,0x4355,EMPS+ABS+BRKBST+FRC,405 435 466 498
EU,5748,COROLLA HEV,17252,0x4364,EMPS+ABS+BRKBST+FRC,405 435 466 498
EU,5749,COROLLA HEV,17255,0x4367,EMPS+ABS+BRKBST+FRC,405 435 466 498
EU,5765,CAMRY HEV,17303,0x4397,EMPS+ABS+BRKBST+FRC,405 435 466 498
EU,5766,CAMRY HEV,17306,0x439A,EMPS+ABS+BRKBST+FRC,405 435 466 498
EU,5767,YARIS CROSS HV,17309,0x439D,EMPS+ABS+BRKBST+FRC,405 435 466 498
EU,5768,YARIS CROSS HV,17312,0x43A0,EMPS+ABS+BRKBST+FRC,405 435 466 498
EU,5802,Tacoma HEV,17414,0x4406,EMPS+ABS+BRKBST+FRC,405 435 466 498
EU,5805,SIENTA,17423,0x440F,EMPS+ABS+FRC,405 435 498
EU,5806,SIENTA HEV,17426,0x4412,EMPS+ABS+BRKBST+FRC,405 435 466 498
EU,5812,CAMRY,17444,0x4424,EMPS+ABS+FRC,405 435 498
EU,5814,CAMRY,17450,0x442A,EMPS+ABS+FRC,405 435 498
EU,5815,CAMRY HEV,17453,0x442D,EMPS+ABS+BRKBST+FRC,405 435 466 498
EU,5817,CAMRY HEV,17459,0x4433,EMPS+ABS+BRKBST+FRC,405 435 466 498
EU,5822,MIRAI,17474,0x4442,EMPS+ABS+BRKBST+FRC,405 435 466 498
EU,5826,AVALON,17486,0x444E,EMPS+ABS+FRC,405 435 498
EU,5827,AVALON HEV,17489,0x4451,EMPS+ABS+BRKBST+FRC,405 435 466 498
EU,5828,AVALON HEV,17492,0x4454,EMPS+ABS+BRKBST+FRC,405 435 466 498
EU,5829,LAND CR PRADO HEV,17495,0x4457,EMPS+ABS+BRKBST+FRC,405 435 466 498
EU,5864,NOAH/VOXY,17600,0x44C0,EMPS+ABS+FRC,405 435 498
EU,5879,INNOVA/KIJANG INNOVA,17645,0x44ED,EMPS+ABS+FRC,405 435 498
EU,5881,INNOVA HEV/KIJANG INNOVA HEV,17651,0x44F3,EMPS+ABS+BRKBST+FRC,405 435 466 498
EU,5883,LBX,17657,0x44F9,EMPS+ABS+FRC,405 435 498
EU,5884,COROLLA,17660,0x44FC,EMPS+ABS+FRC,405 435 498
EU,5885,COROLLA,17663,0x44FF,EMPS+ABS+FRC,405 435 498
EU,5886,COROLLA,17666,0x4502,EMPS+ABS+FRC,405 435 498
EU,5888,COROLLA,17672,0x4508,EMPS+ABS+FRC,405 435 498
EU,5907,bZ4X,17729,0x4541,EMPS+ABS+BRKBST+FRC,405 435 466 498
EU,5908,bZ4X,17732,0x4544,EMPS+ABS+BRKBST+FRC,405 435 466 498
EU,5909,CAMRY,17735,0x4547,EMPS+ABS+FRC,405 435 498
EU,5910,CAMRY,17738,0x454A,EMPS+ABS+FRC,405 435 498
EU,5911,CAMRY HEV,17741,0x454D,EMPS+ABS+BRKBST+FRC,405 435 466 498
EU,5912,CAMRY HEV,17744,0x4550,EMPS+ABS+BRKBST+FRC,405 435 466 498
EU,5921,4RUNNER,17771,0x456B,EMPS+ABS+FRC,405 435 498
EU,5922,GR COROLLA,17774,0x456E,EMPS+ABS+FRC,405 435 498
EU,5923,GR COROLLA,17777,0x4571,EMPS+ABS+FRC,405 435 498
EU,5926,LS500,17786,0x457A,EPS_P4+EMPS+ABS+FRC,142 405 435 498
EU,5928,LS500h,17792,0x4580,EMPS+ABS+BRKBST+FRC,405 435 466 498
EU,5959,bZ4X,17885,0x45DD,EMPS+ABS+BRKBST+FRC,405 435 466 498
EU,5960,bZ4X,17888,0x45E0,EMPS+ABS+BRKBST+FRC,405 435 466 498
EU,5967,GX550,17909,0x45F5,EMPS+ABS+FRC,405 435 498
EU,5970,LAND CR.,17918,0x45FE,EMPS+ABS+BRKBST+FRC+EMPS2,405 435 466 498 499
EU,5972,LAND CR.,17924,0x4604,ABS+BRKBST+FRC,435 466 498
EU,5974,LAND CR.,17930,0x460A,EMPS+ABS+BRKBST+FRC+EMPS2,405 435 466 498 499
EU,5977,LX500d,17939,0x4613,EMPS+ABS+BRKBST+FRC,405 435 466 498
EU,5979,LX600,17945,0x4619,EMPS+ABS+BRKBST+FRC,405 435 466 498
EU,5981,LX700h,17951,0x461F,EMPS+ABS+BRKBST+FRC,405 435 466 498
EU,5982,ALPHARD PHEV,17954,0x4622,EMPS+ABS+BRKBST+FRC,405 435 466 498
EU,5983,RX300,17957,0x4625,EMPS+ABS+FRC,405 435 498
EU,5984,LAND CR HEV,17960,0x4628,EMPS+ABS+BRKBST+FRC,405 435 466 498
EU,6024,NOAH HEV,18080,0x46A0,EMPS+ABS+BRKBST+FRC,405 435 466 498
EU,6025,YARIS CROSS HV,18083,0x46A3,EMPS+ABS+BRKBST+FRC,405 435 466 498
EU,6029,HARRIER,18095,0x46AF,EMPS+ABS+FRC,405 435 498
EU,6030,HARRIER HV/VENZA HV,18098,0x46B2,EMPS+ABS+BRKBST+FRC,405 435 466 498
EU,6047,SHIJI,18149,0x46E5,EMPS+ABS+BRKBST+FRC,405 435 466 498
EU,6048,HIACE,18152,0x46E8,EMPS+ABS+FRC,405 435 498
EU,6049,HIACE,18155,0x46EB,EMPS+ABS+FRC,405 435 498
EU,6050,HIACE,18158,0x46EE,EMPS+ABS+FRC,405 435 498
EU,6051,HIACE,18161,0x46F1,EMPS+ABS+FRC,405 435 498
EU,6052,HIACE,18164,0x46F4,EMPS+ABS+FRC,405 435 498
EU,6053,HIACE,18167,0x46F7,EMPS+ABS+FRC,405 435 498
EU,6054,HIACE,18170,0x46FA,EMPS+ABS+FRC,405 435 498
EU,6055,HIACE,18173,0x46FD,EMPS+ABS+FRC,405 435 498
EU,6081,COMFORT,18251,0x474B,EMPS+ABS+BRKBST+FRC,405 435 466 498
EU,6084,CROWN HEV,18260,0x4754,EMPS+ABS+BRKBST+FRC,405 435 466 498
EU,6088,COROLLA CROSS HV,18272,0x4760,EMPS+ABS+BRKBST+FRC,405 435 466 498
EU,6089,COROLLA CROSS HV,18275,0x4763,EMPS+ABS+BRKBST+FRC,405 435 466 498
EU,6093,PRIUS,18287,0x476F,EMPS+ABS+BRKBST+FRC,405 435 466 498
EU,6094,COROLLA/COROLLA SPORT,18290,0x4772,EMPS+ABS+FRC,405 435 498
EU,6095,SIENTA HEV,18293,0x4775,EMPS+ABS+BRKBST+FRC,405 435 466 498
EU,6096,COROLLA CROSS,18296,0x4778,EMPS+ABS+FRC,405 435 498
EU,6097,COROLLA CROSS,18299,0x477B,EMPS+ABS+FRC,405 435 498
EU,6098,COROLLA CROSS HEV,18302,0x477E,EMPS+ABS+BRKBST+FRC,405 435 466 498
EU,6101,HILUX,18311,0x4787,EMPS+ABS+FRC,405 435 498
EU,6102,HILUX,18314,0x478A,EMPS+ABS+FRC,405 435 498
EU,6103,HILUX,18317,0x478D,EMPS+ABS+FRC,405 435 498
EU,6104,HILUX,18320,0x4790,EMPS+ABS+FRC,405 435 498
EU,6121,HIACE,18371,0x47C3,EMPS+ABS+FRC,405 435 498
EU,6122,HIACE,18374,0x47C6,EMPS+ABS+FRC,405 435 498
EU,6123,HIACE,18377,0x47C9,EMPS+ABS+FRC,405 435 498
EU,6124,HIACE,18380,0x47CC,EMPS+ABS+FRC,405 435 498
EU,6129,HILUX,18395,0x47DB,EMPS+ABS+FRC,405 435 498
EU,6130,HILUX,18398,0x47DE,EMPS+ABS+FRC,405 435 498
EU,6131,HILUX,18401,0x47E1,EMPS+ABS+FRC,405 435 498
EU,6132,HILUX,18404,0x47E4,EMPS+ABS+FRC,405 435 498
EU,6141,RZ350e,18431,0x47FF,EMPS+FRC+EMPS2,405 498 499
EU,6142,RZ450e/RZ500e/RZ550e/RZ600e,18434,0x4802,EMPS+FRC+EMPS2,405 498 499
EU,6143,bZ4X,18437,0x4805,EMPS+FRC,405 498
EU,6144,bZ4X,18440,0x4808,EMPS+FRC,405 498
EU,6152,C-HR BEV,18464,0x4820,EMPS+FRC,405 498
EU,6153,C-HR BEV,18467,0x4823,EMPS+FRC,405 498
EU,6160,LS500,18488,0x4838,EPS_P4+EMPS+ABS+FRC,142 405 435 498
EU,6161,LS500h,18491,0x483B,EMPS+ABS+BRKBST+FRC,405 435 466 498
EU,6168,COROLLA CROSS,18512,0x4850,EMPS+ABS+FRC,405 435 498
EU,6169,COROLLA CROSS,18515,0x4853,EMPS+ABS+FRC,405 435 498
EU,6170,COROLLA CROSS HEV,18518,0x4856,EMPS+ABS+BRKBST+FRC,405 435 466 498
EU,6171,FRONTLANDER,18521,0x4859,EMPS+ABS+FRC,405 435 498
EU,6172,FRONTLANDER,18524,0x485C,EMPS+ABS+FRC,405 435 498
EU,6179,C-HR HEV,18545,0x4871,EMPS+ABS+BRKBST+FRC,405 435 466 498
EU,6180,C-HR HEV,18548,0x4874,EMPS+ABS+BRKBST+FRC,405 435 466 498
EU,6181,C-HR HEV,18551,0x4877,EMPS+ABS+BRKBST+FRC,405 435 466 498
EU,6201,FRONTLANDER HEV,18611,0x48B3,EMPS+ABS+BRKBST+FRC,405 435 466 498
EU,6236,LAND CR FJ,18716,0x491C,ABS+FRC,435 498
EU,6237,AYGO HEV,18719,0x491F,EMPS+ABS+BRKBST+FRC,405 435 466 498
EU,6242,IS350,18734,0x492E,EMPS+ABS+FRC,405 435 498
EU,6243,IS350,18737,0x4931,EMPS+ABS+FRC,405 435 498
EU,6244,IS300h,18740,0x4934,EMPS+ABS+BRKBST+FRC,405 435 466 498
EU,6245,bZ4X Touring,18743,0x4937,EMPS+FRC,405 498
EU,6246,bZ4X Touring,18746,0x493A,EMPS+FRC,405 498
EU,6247,bZ4X,18749,0x493D,EMPS+ABS+BRKBST+FRC,405 435 466 498
EU,6248,bZ4X,18752,0x4940,EMPS+ABS+BRKBST+FRC,405 435 466 498
EU,6250,HILUX BEV,18758,0x4946,EMPS+ABS+BRKBST+FRC,405 435 466 498
EU,6252,MIRAI,18764,0x494C,EMPS+ABS+BRKBST+FRC,405 435 466 498
EU,6254,ALLION,18770,0x4952,EMPS+ABS+FRC,405 435 498
EU,6255,ALLION HEV,18773,0x4955,EMPS+ABS+BRKBST+FRC,405 435 466 498
EU,6256,LEVIN GT,18776,0x4958,EMPS+ABS+FRC,405 435 498
EU,6257,LEVIN HEV,18779,0x495B,EMPS+ABS+BRKBST+FRC,405 435 466 498
EU,6259,COASTER,18785,0x4961,ABS+FRC,435 498
EU,6261,COASTER,18791,0x4967,ABS+FRC,435 498
EU,6263,COASTER,18797,0x496D,ABS+FRC,435 498
EU,6265,COASTER,18803,0x4973,ABS+FRC,435 498
EU,6278,COROLLA HEV,18842,0x499A,EMPS+ABS+BRKBST+FRC,405 435 466 498
EU,6279,COROLLA HEV,18845,0x499D,EMPS+ABS+BRKBST+FRC,405 435 466 498
EU,6280,COROLLA,18848,0x49A0,EMPS+ABS+FRC,405 435 498
EU,6281,COROLLA,18851,0x49A3,EMPS+ABS+FRC,405 435 498
EU,6290,COROLLA HEV,18878,0x49BE,EMPS+ABS+BRKBST+FRC,405 435 466 498
EU,6292,YARIS CROSS HV,18884,0x49C4,EMPS+ABS+BRKBST+FRC,405 435 466 498
EU,6293,YARIS CROSS HV,18887,0x49C7,EMPS+ABS+BRKBST+FRC,405 435 466 498
EU,6315,MAC,18953,0x4A09,EMPS+LDA+FRCAM+ABS+BRKBST+ADS+ADeU+FRC+EMPS2,405 418 430 435 466 476 477 498 499
EU,6316,MAC,18956,0x4A0C,EMPS+LDA+FRCAM+ABS+BRKBST+ADS+ADeU+FRC+EMPS2,405 418 430 435 466 476 477 498 499
EU,6317,YARIS HV,18959,0x4A0F,EMPS+ABS+BRKBST+FRC,405 435 466 498
EU,6318,YARIS HV,18962,0x4A12,EMPS+ABS+BRKBST+FRC,405 435 466 498
EU,6319,YARIS HV,18965,0x4A15,EMPS+ABS+BRKBST+FRC,405 435 466 498
EU,6320,YARIS HV,18968,0x4A18,EMPS+ABS+BRKBST+FRC,405 435 466 498
EU,6321,YARIS HV,18971,0x4A1B,EMPS+ABS+BRKBST+FRC,405 435 466 498
EU,6322,YARIS HV,18974,0x4A1E,EMPS+ABS+BRKBST+FRC,405 435 466 498
EU,6370,LAND CR PRADO,19118,0x4AAE,EMPS+ABS+FRC,405 435 498
EU,6372,LAND CR PRADO,19124,0x4AB4,EMPS+ABS+FRC,405 435 498
EU,6374,LAND CR PRADO,19130,0x4ABA,EMPS+ABS+FRC,405 435 498
EU,6376,LAND CR PRADO,19136,0x4AC0,EMPS+ABS+FRC,405 435 498
EU,6378,LAND CR PRADO,19142,0x4AC6,EMPS+ABS+FRC,405 435 498
EU,6380,LAND CR PRADO HEV,19148,0x4ACC,EMPS+FRC,405 498
EU,6381,YARIS,19151,0x4ACF,EMPS+ABS+FRC,405 435 498
EU,6382,NOAH/VOXY,19154,0x4AD2,EMPS+ABS+FRC,405 435 498
EU,6383,NOAH HEV,19157,0x4AD5,EMPS+ABS+BRKBST+FRC,405 435 466 498
EU,6388,SIENTA,19172,0x4AE4,EMPS+ABS+FRC,405 435 498
EU,6407,HILUX,19229,0x4B1D,EMPS+ABS+FRC,405 435 498
EU,6408,HILUX,19232,0x4B20,EMPS+ABS+FRC,405 435 498
EU,6409,HILUX,19235,0x4B23,EMPS+ABS+FRC,405 435 498
EU,6410,HILUX,19238,0x4B26,EMPS+ABS+FRC,405 435 498
EU,6415,HILUX,19253,0x4B35,EMPS+ABS+FRC,405 435 498
EU,6416,HILUX,19256,0x4B38,EMPS+ABS+FRC,405 435 498
EU,6417,HILUX,19259,0x4B3B,EMPS+ABS+FRC,405 435 498
EU,6418,HILUX,19262,0x4B3E,EMPS+ABS+FRC,405 435 498
EU,6429,ALPHARD HEV/VELLFIRE HEV,19295,0x4B5F,EMPS+ABS+BRKBST+FRC,405 435 466 498
EU,6431,ALPHARD HEV/VELLFIRE HEV,19301,0x4B65,EMPS+ABS+BRKBST+FRC,405 435 466 498
EU,6432,ALPHARD HEV/VELLFIRE HEV,19304,0x4B68,EMPS+ABS+BRKBST+FRC,405 435 466 498
EU,6433,ALPHARD HEV/CROWN VELLFIRE HEV,19307,0x4B6B,EMPS+ABS+BRKBST+FRC,405 435 466 498
EU,6434,ALPHARD/VELLFIRE,19310,0x4B6E,EMPS+ABS+FRC,405 435 498
EU,6435,PRIUS,19313,0x4B71,EMPS+FRC,405 498
EU,6436,PRIUS,19316,0x4B74,EMPS+FRC,405 498
EU,6437,PRIUS,19319,0x4B77,EMPS+FRC,405 498
EU,6438,PRIUS PHEV,19322,0x4B7A,EMPS+FRC,405 498
EU,6442,COROLLA/COROLLA SPORT,19334,0x4B86,EMPS+ABS+FRC,405 435 498
EU,6443,CAMRY,19337,0x4B89,EMPS+ABS+FRC,405 435 498
EU,6444,COROLLA,19340,0x4B8C,EMPS+ABS+FRC,405 435 498
EU,6445,COROLLA,19343,0x4B8F,EMPS+ABS+FRC,405 435 498
EU,6446,COROLLA,19346,0x4B92,EMPS+ABS+FRC,405 435 498
EU,6447,COROLLA,19349,0x4B95,EMPS+ABS+FRC,405 435 498
EU,6448,COROLLA HEV,19352,0x4B98,EMPS+ABS+BRKBST+FRC,405 435 466 498
EU,6449,COROLLA HEV,19355,0x4B9B,EMPS+ABS+BRKBST+FRC,405 435 466 498
EU,6452,COROLLA HEV,19364,0x4BA4,EMPS+ABS+BRKBST+FRC,405 435 466 498
EU,6453,COROLLA HEV,19367,0x4BA7,EMPS+ABS+BRKBST+FRC,405 435 466 498
EU,6457,CROWN HEV,19379,0x4BB3,EMPS+FRC,405 498
EU,6458,CROWN HEV,19382,0x4BB6,EMPS+FRC,405 498
EU,6459,CROWN HEV,19385,0x4BB9,EMPS+FRC,405 498
EU,6460,CROWN HEV,19388,0x4BBC,EMPS+FRC,405 498
EU,6465,LS500h,19403,0x4BCB,EMPS+ABS+BRKBST+FRC,405 435 466 498
EU,6468,GX550,19412,0x4BD4,EMPS+ABS+FRC,405 435 498
EU,6469,INNOVA/KIJANG INNOVA,19415,0x4BD7,EMPS+ABS+FRC,405 435 498
EU,6471,INNOVA HEV/KIJANG INNOVA HEV,19421,0x4BDD,EMPS+ABS+BRKBST+FRC,405 435 466 498
EU,6473,RX300,19427,0x4BE3,EMPS+ABS+FRC,405 435 498
EU,6474,RX350,19430,0x4BE6,EMPS+ABS+FRC,405 435 498
EU,6475,RX350h,19433,0x4BE9,EMPS+FRC,405 498
EU,6476,RX350h,19436,0x4BEC,EMPS+FRC,405 498
EU,6477,RX350h,19439,0x4BEF,EMPS+FRC,405 498
EU,6478,RX350h,19442,0x4BF2,EMPS+FRC,405 498
EU,6479,RX500h,19445,0x4BF5,EMPS+FRC,405 498
EU,6480,RX450h+,19448,0x4BF8,EMPS+FRC,405 498
EU,6481,RX450h+,19451,0x4BFB,EMPS+FRC,405 498
EU,6482,COROLLA CROSS,19454,0x4BFE,EMPS+ABS+FRC,405 435 498
EU,6483,COROLLA CROSS,19457,0x4C01,EMPS+ABS+FRC,405 435 498
EU,6484,COROLLA CROSS HEV,19460,0x4C04,EMPS+ABS+BRKBST+FRC,405 435 466 498
EU,6485,RX350,19463,0x4C07,EMPS+ABS+FRC,405 435 498
EU,6486,RX350h,19466,0x4C0A,EMPS+FRC,405 498
EU,6487,RX500h,19469,0x4C0D,EMPS+FRC,405 498
EU,6488,bZ4X,19472,0x4C10,EMPS+FRC,405 498
EU,6508,HILUX BEV,19532,0x4C4C,EMPS+ABS+BRKBST+FRC,405 435 466 498
EU,6510,LBX,19538,0x4C52,EMPS+ABS+FRC,405 435 498
EU,6511,bZ4X,19541,0x4C55,EMPS+FRC,405 498
EU,6512,bZ4X,19544,0x4C58,EMPS+FRC,405 498
EU,6513,C-HR BEV,19547,0x4C5B,EMPS+FRC,405 498
EU,6514,C-HR BEV,19550,0x4C5E,EMPS+FRC,405 498
EU,6516,CROWN HEV,19556,0x4C64,EMPS+ABS+BRKBST+FRC,405 435 466 498
EU,6517,CROWN PHEV,19559,0x4C67,EMPS+ABS+BRKBST+FRC,405 435 466 498
EU,6518,CROWN HEV,19562,0x4C6A,EMPS+ABS+BRKBST+FRC,405 435 466 498
EU,6519,LAND CR.,19565,0x4C6D,EMPS+ABS+BRKBST+FRC+EMPS2,405 435 466 498 499
EU,6520,LAND CR HEV,19568,0x4C70,EMPS+ABS+BRKBST+FRC,405 435 466 498
EU,6521,COROLLA HEV,19571,0x4C73,EMPS+ABS+BRKBST+FRC,405 435 466 498
EU,6523,LX500d,19577,0x4C79,EMPS+FRC,405 498
EU,6524,LX600,19580,0x4C7C,EMPS+FRC,405 498
EU,6525,LX700h,19583,0x4C7F,EMPS+FRC,405 498
EU,6526,CAMRY HEV,19586,0x4C82,EMPS+ABS+BRKBST+FRC,405 435 466 498
EU,6527,CAMRY HEV,19589,0x4C85,EMPS+ABS+BRKBST+FRC,405 435 466 498
EU,6528,AVALON,19592,0x4C88,EMPS+ABS+FRC,405 435 498
EU,6529,AVALON HEV,19595,0x4C8B,EMPS+ABS+BRKBST+FRC,405 435 466 498
EU,6530,AVALON HEV,19598,0x4C8E,EMPS+ABS+BRKBST+FRC,405 435 466 498
EU,6533,Tacoma,19607,0x4C97,EMPS+ABS+FRC,405 435 498
EU,6534,Tacoma,19610,0x4C9A,EMPS+FRC,405 498
EU,6535,Tacoma HEV,19613,0x4C9D,EMPS+FRC,405 498
EU,6536,4RUNNER,19616,0x4CA0,EMPS+FRC,405 498
EU,6546,HILUX,19646,0x4CBE,EMPS+ABS+FRC,405 435 498
EU,6547,HILUX,19649,0x4CC1,EMPS+ABS+FRC,405 435 498
EU,6548,HILUX,19652,0x4CC4,EMPS+ABS+FRC,405 435 498
EU,6549,HILUX,19655,0x4CC7,EMPS+ABS+FRC,405 435 498
EU,6554,HILUX,19670,0x4CD6,EMPS+ABS+FRC,405 435 498
EU,6555,HILUX,19673,0x4CD9,EMPS+ABS+FRC,405 435 498
EU,6556,HILUX,19676,0x4CDC,EMPS+ABS+FRC,405 435 498
EU,6557,HILUX,19679,0x4CDF,EMPS+ABS+FRC,405 435 498
EU,6562,HILUX,19694,0x4CEE,EMPS+ABS+FRC,405 435 498
EU,6563,HILUX,19697,0x4CF1,EMPS+ABS+FRC,405 435 498
EU,6564,HILUX,19700,0x4CF4,EMPS+ABS+FRC,405 435 498
EU,6565,HILUX,19703,0x4CF7,EMPS+ABS+FRC,405 435 498
EU,6578,HIACE,19742,0x4D1E,EMPS+ABS+FRC,405 435 498
EU,6579,HIACE,19745,0x4D21,EMPS+ABS+FRC,405 435 498
EU,6580,HIACE,19748,0x4D24,EMPS+ABS+FRC,405 435 498
EU,6581,HIACE,19751,0x4D27,EMPS+ABS+FRC,405 435 498
EU,6584,bZ4X,19760,0x4D30,EMPS+FRC,405 498
EU,6595,HIACE,19793,0x4D51,EMPS+ABS+FRC,405 435 498
EU,6596,HIACE,19796,0x4D54,EMPS+ABS+FRC,405 435 498
EU,6597,HIACE,19799,0x4D57,EMPS+ABS+FRC,405 435 498
EU,6598,HIACE,19802,0x4D5A,EMPS+ABS+FRC,405 435 498
JP,21028,TEST,3092,0x0C14,ABS+EPB+FRC,435 485 498
JP,22186,ZZZ4_P5C,6566,0x19A6,EMPS+LDA+FRCAM+ABS+BRKBST+EPB+FRC+EMPS2,405 418 430 435 466 485 498 499
JP,22417,MAC,7259,0x1C5B,EMPS+LDA+FRCAM+ABS+BRKBST+ADS+ADeU+FRC+EMPS2,405 418 430 435 466 476 477 498 499
JP,22562,MAC,7694,0x1E0E,EMPS+LDA+FRCAM+ABS+BRKBST+ADS+ADeU+FRC+EMPS2,405 418 430 435 466 476 477 498 499
JP,22601,NX250,7811,0x1E83,EMPS+ABS+FRC,405 435 498
JP,22602,NX350,7814,0x1E86,EMPS+ABS+FRC,405 435 498
JP,22603,NX350h,7817,0x1E89,EMPS+ABS+BRKBST+FRC,405 435 466 498
JP,22604,NX350h,7820,0x1E8C,EMPS+ABS+BRKBST+FRC,405 435 466 498
JP,22605,NX450h+,7823,0x1E8F,EMPS+ABS+BRKBST+FRC,405 435 466 498
JP,22614,GR COROLLA,7850,0x1EAA,EMPS+ABS+FRC,405 435 498
JP,22619,NOAH/VOXY/ESQUIRE,7865,0x1EB9,EMPS+ABS+FRC,405 435 498
JP,22620,NOAH/VOXY/ESQUIRE,7868,0x1EBC,EMPS+ABS+FRC,405 435 498
JP,22621,NOAH HV/VOXY HV/ESQUIRE HV,7871,0x1EBF,EMPS+ABS+BRKBST+FRC,405 435 466 498
JP,22627,bZ4X,7889,0x1ED1,EMPS+ABS+BRKBST+FRC,405 435 466 498
JP,22628,bZ4X,7892,0x1ED4,EMPS+ABS+BRKBST+FRC,405 435 466 498
JP,22631,CROWN HEV,7901,0x1EDD,EMPS+ABS+BRKBST+FRC,405 435 466 498
JP,22632,CROWN HEV,7904,0x1EE0,EMPS+ABS+BRKBST+FRC,405 435 466 498
JP,22634,SIENTA,7910,0x1EE6,EMPS+ABS+FRC,405 435 498
JP,22635,SIENTA,7913,0x1EE9,EMPS+ABS+FRC,405 435 498
JP,22636,SIENTA HEV,7916,0x1EEC,EMPS+ABS+BRKBST+FRC,405 435 466 498
JP,22637,SIENTA HEV,7919,0x1EEF,EMPS+ABS+BRKBST+FRC,405 435 466 498
JP,22643,RX350,7937,0x1F01,EMPS+ABS+FRC,405 435 498
JP,22644,RX350h,7940,0x1F04,EMPS+ABS+BRKBST+FRC,405 435 466 498
JP,22645,RX350h,7943,0x1F07,EMPS+ABS+BRKBST+FRC,405 435 466 498
JP,22646,RX500h,7946,0x1F0A,EMPS+ABS+BRKBST+FRC,405 435 466 498
JP,22647,RX450h+,7949,0x1F0D,EMPS+ABS+BRKBST+FRC,405 435 466 498
JP,22648,RZ450e,7952,0x1F10,EMPS+ABS+BRKBST+FRC,405 435 466 498
JP,22668,COROLLA SPORT,8012,0x1F4C,EMPS+ABS+FRC,405 435 498
JP,22669,COROLLA SPORT HV,8015,0x1F4F,EMPS+ABS+BRKBST+FRC,405 435 466 498
JP,22670,COROLLA,8018,0x1F52,EMPS+ABS+FRC,405 435 498
JP,22671,COROLLA,8021,0x1F55,EMPS+ABS+FRC,405 435 498
JP,22672,COROLLA TOURING,8024,0x1F58,EMPS+ABS+FRC,405 435 498
JP,22673,COROLLA TOURING,8027,0x1F5B,EMPS+ABS+FRC,405 435 498
JP,22674,COROLLA HV,8030,0x1F5E,EMPS+ABS+BRKBST+FRC,405 435 466 498
JP,22675,COROLLA TOURING HV,8033,0x1F61,EMPS+ABS+BRKBST+FRC,405 435 466 498
JP,22693,PRIUS,8087,0x1F97,EMPS+ABS+BRKBST+FRC,405 435 466 498
JP,22694,PRIUS,8090,0x1F9A,EMPS+ABS+BRKBST+FRC,405 435 466 498
JP,22696,e-Palette,8096,0x1FA0,EMPS+ABS+BRKBST+FRC+EMPS2,405 435 466 498 499
JP,22697,LBX,8099,0x1FA3,EMPS+ABS+BRKBST+FRC,405 435 466 498
JP,22698,ALPHARD/VELLFIRE,8102,0x1FA6,EMPS+ABS+FRC,405 435 498
JP,22699,ALPHARD/VELLFIRE,8105,0x1FA9,EMPS+ABS+FRC,405 435 498
JP,22700,ALPHARD HEV/VELLFIRE HEV,8108,0x1FAC,EMPS+ABS+BRKBST+FRC,405 435 466 498
JP,22701,LM350h,8111,0x1FAF,EMPS+ABS+BRKBST+FRC,405 435 466 498
JP,22702,LM500h,8114,0x1FB2,EMPS+ABS+BRKBST+FRC,405 435 466 498
JP,22707,PRIUS PHEV,8129,0x1FC1,EMPS+ABS+BRKBST+FRC,405 435 466 498
JP,22708,CENTURY,8132,0x1FC4,EMPS+ABS+BRKBST+FRC,405 435 466 498
JP,22714,bZ4X,8150,0x1FD6,EMPS+ABS+BRKBST+FRC,405 435 466 498
JP,22715,bZ4X,8153,0x1FD9,EMPS+ABS+BRKBST+FRC,405 435 466 498
JP,22722,NX350,8174,0x1FEE,EMPS+ABS+FRC,405 435 498
JP,22723,NX350h,8177,0x1FF1,EMPS+ABS+BRKBST+FRC,405 435 466 498
JP,22724,NX350h,8180,0x1FF4,EMPS+ABS+BRKBST+FRC,405 435 466 498
JP,22725,NX450h+,8183,0x1FF7,EMPS+ABS+BRKBST+FRC,405 435 466 498
JP,22726,NX250,8186,0x1FFA,EMPS+ABS+FRC,405 435 498
JP,22727,RX350h,8189,0x1FFD,EMPS+ABS+BRKBST+FRC,405 435 466 498
JP,22728,RX350h,8192,0x2000,EMPS+ABS+BRKBST+FRC,405 435 466 498
JP,22729,RX500h,8195,0x2003,EMPS+ABS+BRKBST+FRC,405 435 466 498
JP,22730,CROWN FCEV,8198,0x2006,EMPS+ABS+BRKBST+FRC,405 435 466 498
JP,22731,CROWN HEV,8201,0x2009,EMPS+ABS+BRKBST+FRC,405 435 466 498
JP,22736,RX350,8216,0x2018,EMPS+ABS+FRC,405 435 498
JP,22737,RX450h+,8219,0x201B,EMPS+ABS+BRKBST+FRC,405 435 466 498
JP,22738,COROLLA SPORT,8222,0x201E,EMPS+ABS+FRC,405 435 498
JP,22739,CROWN HEV,8225,0x2021,EMPS+ABS+BRKBST+FRC,405 435 466 498
JP,22740,GR COROLLA,8228,0x2024,EMPS+ABS+FRC,405 435 498
JP,22741,CROWN HEV,8231,0x2027,EMPS+ABS+BRKBST+FRC,405 435 466 498
JP,22742,CROWN HEV,8234,0x202A,EMPS+ABS+BRKBST+FRC,405 435 466 498
JP,22760,COROLLA CROSS,8288,0x2060,EMPS+ABS+FRC,405 435 498
JP,22761,COROLLA CROSS HV,8291,0x2063,EMPS+ABS+BRKBST+FRC,405 435 466 498
JP,22762,COROLLA CROSS HV,8294,0x2066,EMPS+ABS+BRKBST+FRC,405 435 466 498
JP,22764,YARIS,8300,0x206C,EMPS+ABS+FRC,405 435 498
JP,22765,YARIS,8303,0x206F,EMPS+ABS+FRC,405 435 498
JP,22766,LS500,8306,0x2072,EMPS+ABS+FRC,405 435 498
JP,22768,LS500h,8312,0x2078,EMPS+ABS+BRKBST+FRC,405 435 466 498
JP,22769,CROWN HEV,8315,0x207B,EMPS+ABS+BRKBST+FRC,405 435 466 498
JP,22770,CROWN HEV,8318,0x207E,EMPS+ABS+BRKBST+FRC,405 435 466 498
JP,22771,RZ450e,8321,0x2081,EMPS+ABS+BRKBST+FRC,405 435 466 498
JP,22772,RZ300e,8324,0x2084,EMPS+ABS+BRKBST+FRC,405 435 466 498
JP,22773,LAND CRUISER,8327,0x2087,EMPS+ABS+FRC,405 435 498
JP,22774,LAND CRUISER,8330,0x208A,EMPS+ABS+FRC,405 435 498
JP,22775,GX550,8333,0x208D,EMPS+ABS+FRC,405 435 498
JP,22777,YARIS,8339,0x2093,EMPS+ABS+FRC,405 435 498
JP,22778,YARIS,8342,0x2096,EMPS+ABS+FRC,405 435 498
JP,22779,YARIS,8345,0x2099,EMPS+ABS+FRC,405 435 498
JP,22780,YARIS,8348,0x209C,EMPS+ABS+FRC,405 435 498
JP,22781,YARIS,8351,0x209F,EMPS+ABS+FRC,405 435 498
JP,22782,YARIS,8354,0x20A2,EMPS+ABS+FRC,405 435 498
JP,22783,YARIS HV,8357,0x20A5,EMPS+ABS+BRKBST+FRC,405 435 466 498
JP,22784,YARIS HV,8360,0x20A8,EMPS+ABS+BRKBST+FRC,405 435 466 498
JP,22785,YARIS CROSS,8363,0x20AB,EMPS+ABS+FRC,405 435 498
JP,22786,YARIS CROSS HV,8366,0x20AE,EMPS+ABS+BRKBST+FRC,405 435 466 498
JP,22791,UX300h,8381,0x20BD,EMPS+ABS+BRKBST+FRC,405 435 466 498
JP,22792,UX300e,8384,0x20C0,EMPS+ABS+BRKBST+FRC,405 435 466 498
JP,22793,CROWN HEV,8387,0x20C3,EMPS+ABS+BRKBST+FRC,405 435 466 498
JP,22795,CROWN PHEV,8393,0x20C9,EMPS+ABS+BRKBST+FRC,405 435 466 498
JP,22797,MIRAI,8399,0x20CF,EMPS+ABS+BRKBST+FRC,405 435 466 498
JP,22800,CROWN PHEV,8408,0x20D8,EMPS+ABS+BRKBST+FRC,405 435 466 498
JP,22801,NX250,8411,0x20DB,EMPS+ABS+FRC,405 435 498
JP,22802,NX350,8414,0x20DE,EMPS+ABS+FRC,405 435 498
JP,22803,NX350h,8417,0x20E1,EMPS+ABS+BRKBST+FRC,405 435 466 498
JP,22804,NX350h,8420,0x20E4,EMPS+ABS+BRKBST+FRC,405 435 466 498
JP,22805,NX450h+,8423,0x20E7,EMPS+ABS+BRKBST+FRC,405 435 466 498
JP,22809,COROLLA SPORT HV,8435,0x20F3,EMPS+ABS+BRKBST+FRC,405 435 466 498
JP,22811,COROLLA,8441,0x20F9,EMPS+ABS+FRC,405 435 498
JP,22812,COROLLA,8444,0x20FC,EMPS+ABS+FRC,405 435 498
JP,22813,COROLLA TOURING,8447,0x20FF,EMPS+ABS+FRC,405 435 498
JP,22814,COROLLA TOURING,8450,0x2102,EMPS+ABS+FRC,405 435 498
JP,22815,COROLLA HV,8453,0x2105,EMPS+ABS+BRKBST+FRC,405 435 466 498
JP,22816,COROLLA TOURING HV,8456,0x2108,EMPS+ABS+BRKBST+FRC,405 435 466 498
JP,22823,SIENTA,8477,0x211D,EMPS+ABS+FRC,405 435 498
JP,22824,SIENTA,8480,0x2120,EMPS+ABS+FRC,405 435 498
JP,22825,SIENTA HEV,8483,0x2123,EMPS+ABS+BRKBST+FRC,405 435 466 498
JP,22832,NOAH/VOXY/ESQUIRE,8504,0x2138,EMPS+ABS+FRC,405 435 498
JP,22833,NOAH/VOXY/ESQUIRE,8507,0x213B,EMPS+ABS+FRC,405 435 498
JP,22834,NOAH HV/VOXY HV/ESQUIRE HV,8510,0x213E,EMPS+ABS+BRKBST+FRC,405 435 466 498
JP,22841,LBX,8531,0x2153,EMPS+ABS+FRC,405 435 498
JP,22842,LBX,8534,0x2156,EMPS+ABS+FRC,405 435 498
JP,22843,PRIUS,8537,0x2159,EMPS+ABS+BRKBST+FRC,405 435 466 498
JP,22844,PRIUS,8540,0x215C,EMPS+ABS+BRKBST+FRC,405 435 466 498
JP,22845,RX450h+,8543,0x215F,EMPS+ABS+BRKBST+FRC,405 435 466 498
JP,22850,GR COROLLA,8558,0x216E,EMPS+ABS+FRC,405 435 498
JP,22851,GR COROLLA,8561,0x2171,EMPS+ABS+FRC,405 435 498
JP,22852,LS500,8564,0x2174,EMPS+ABS+FRC,405 435 498
JP,22854,LS500h,8570,0x217A,EMPS+ABS+BRKBST+FRC,405 435 466 498
JP,22857,GX550,8579,0x2183,EMPS+ABS+FRC,405 435 498
JP,22860,LAND CRUISER,8588,0x218C,EMPS+ABS+BRKBST+FRC+EMPS2,405 435 466 498 499
JP,22861,LAND CRUISER,8591,0x218F,EMPS+ABS+BRKBST+FRC+EMPS2,405 435 466 498 499
JP,22862,LX600,8594,0x2192,EMPS+ABS+BRKBST+FRC,405 435 466 498
JP,22863,LX700h,8597,0x2195,EMPS+ABS+BRKBST+FRC,405 435 466 498
JP,22864,ALPHARD PHEV/VELLFIRE PHEV,8600,0x2198,EMPS+ABS+BRKBST+FRC,405 435 466 498
JP,22868,CROWN FCEV,8612,0x21A4,EMPS+ABS+BRKBST+FRC,405 435 466 498
JP,22869,CROWN HEV,8615,0x21A7,EMPS+ABS+BRKBST+FRC,405 435 466 498
JP,22873,HARRIER,8627,0x21B3,EMPS+ABS+FRC,405 435 498
JP,22874,HARRIER HV,8630,0x21B6,EMPS+ABS+BRKBST+FRC,405 435 466 498
JP,22875,HARRIER PHEV,8633,0x21B9,EMPS+ABS+BRKBST+FRC,405 435 466 498
JP,22876,CENTURY,8636,0x21BC,EMPS+ABS+BRKBST+FRC,405 435 466 498
JP,22878,JPN TAXI,8642,0x21C2,EMPS+ABS+BRKBST+FRC,405 435 466 498
JP,22881,LBX,8651,0x21CB,EMPS+ABS+FRC,405 435 498
JP,22882,LBX,8654,0x21CE,EMPS+ABS+FRC,405 435 498
JP,22885,COROLLA CROSS HEV,8663,0x21D7,EMPS+ABS+BRKBST+FRC,405 435 466 498
JP,22886,HIACE/REGIUSACE/HIMEDIC,8666,0x21DA,ABS+FRC,435 498
JP,22887,HIACE/REGIUSACE/HIMEDIC,8669,0x21DD,ABS+FRC,435 498
JP,22888,HIACE/REGIUSACE/HIMEDIC,8672,0x21E0,ABS+FRC,435 498
JP,22889,HIACE/REGIUSACE/HIMEDIC,8675,0x21E3,ABS+FRC,435 498
JP,22890,HIACE/REGIUSACE/HIMEDIC,8678,0x21E6,ABS+FRC,435 498
JP,22891,HIACE/REGIUSACE/HIMEDIC,8681,0x21E9,ABS+FRC,435 498
JP,22892,SIENTA HEV,8684,0x21EC,EMPS+ABS+BRKBST+FRC,405 435 466 498
JP,22893,HILUX,8687,0x21EF,EMPS+ABS+FRC,405 435 498
JP,22897,RZ350e,8699,0x21FB,EMPS+FRC+EMPS2,405 498 499
JP,22898,RZ500e/RZ550e/RZ600e,8702,0x21FE,EMPS+FRC+EMPS2,405 498 499
JP,22899,COROLLA HV,8705,0x2201,EMPS+ABS+BRKBST+FRC,405 435 466 498
JP,22900,COROLLA HV,8708,0x2204,EMPS+ABS+BRKBST+FRC,405 435 466 498
JP,22901,COROLLA TOURING HV,8711,0x2207,EMPS+ABS+BRKBST+FRC,405 435 466 498
JP,22902,COROLLA TOURING HV,8714,0x220A,EMPS+ABS+BRKBST+FRC,405 435 466 498
JP,22903,bZ4X,8717,0x220D,EMPS+FRC,405 498
JP,22904,bZ4X,8720,0x2210,EMPS+FRC,405 498
JP,22909,LAND CRUISER,8735,0x221F,EMPS+ABS+FRC,405 435 498
JP,22910,AQUA,8738,0x2222,EMPS+ABS+BRKBST+FRC,405 435 466 498
JP,22913,LS500,8747,0x222B,EMPS+ABS+FRC,405 435 498
JP,22914,LS500h,8750,0x222E,EMPS+ABS+BRKBST+FRC,405 435 466 498
JP,22921,LAND CRUISER,8771,0x2243,EMPS+ABS+BRKBST+FRC+EMPS2,405 435 466 498 499
JP,22922,LAND CRUISER,8774,0x2246,EMPS+ABS+BRKBST+FRC+EMPS2,405 435 466 498 499
JP,22927,PROBOX/SUCCEED,8789,0x2255,EMPS+ABS+FRC,405 435 498
JP,22928,PROBOX HV/SUCCEED HV,8792,0x2258,EMPS+ABS+BRKBST+FRC,405 435 466 498
JP,22929,LAND CRUISER,8795,0x225B,ABS+FRC,435 498
JP,22930,CENTURY,8798,0x225E,EMPS+ABS+BRKBST+FRC,405 435 466 498
JP,22935,IS300h,8813,0x226D,EMPS+ABS+BRKBST+FRC,405 435 466 498
JP,22936,bZ4X Touring,8816,0x2270,EMPS+FRC,405 498
JP,22937,bZ4X Touring,8819,0x2273,EMPS+FRC,405 498
JP,22945,MIRAI,8843,0x228B,EMPS+ABS+BRKBST+FRC,405 435 466 498
JP,22946,COASTER,8846,0x228E,ABS+FRC,435 498
JP,22947,COASTER,8849,0x2291,ABS+FRC,435 498
JP,22948,COASTER,8852,0x2294,ABS+FRC,435 498
JP,22949,MAC,8855,0x2297,EMPS+LDA+FRCAM+ABS+BRKBST+ADS+ADeU+FRC+EMPS2,405 418 430 435 466 476 477 498 499
JP,22950,MAC,8858,0x229A,EMPS+LDA+FRCAM+ABS+BRKBST+ADS+ADeU+FRC+EMPS2,405 418 430 435 466 476 477 498 499
JP,22951,YARIS HV,8861,0x229D,EMPS+ABS+BRKBST+FRC,405 435 466 498
JP,22960,COROLLA,8888,0x22B8,EMPS+ABS+FRC,405 435 498
JP,22961,LAND CRUISER,8891,0x22BB,EMPS+ABS+FRC,405 435 498
JP,22962,YARIS,8894,0x22BE,EMPS+ABS+FRC,405 435 498
JP,22963,YARIS,8897,0x22C1,EMPS+ABS+FRC,405 435 498
JP,22964,NOAH/VOXY/ESQUIRE,8900,0x22C4,EMPS+ABS+FRC,405 435 498
JP,22965,NOAH HV/VOXY HV/ESQUIRE HV,8903,0x22C7,EMPS+ABS+BRKBST+FRC,405 435 466 498
JP,22967,SIENTA,8909,0x22CD,EMPS+ABS+FRC,405 435 498
JP,22975,ALPHARD HEV/VELLFIRE HEV,8933,0x22E5,EMPS+ABS+BRKBST+FRC,405 435 466 498
JP,22979,PRIUS,8945,0x22F1,EMPS+FRC,405 498
JP,22980,PRIUS,8948,0x22F4,EMPS+FRC,405 498
JP,22981,PRIUS PHEV,8951,0x22F7,EMPS+FRC,405 498
JP,22982,AQUA,8954,0x22FA,EMPS+ABS+BRKBST+FRC,405 435 466 498
JP,22983,HIACE/REGIUSACE/HIMEDIC,8957,0x22FD,ABS+FRC,435 498
JP,22984,HIACE/REGIUSACE/HIMEDIC,8960,0x2300,ABS+FRC,435 498
JP,22985,HIACE/REGIUSACE/HIMEDIC,8963,0x2303,ABS+FRC,435 498
JP,22986,HIACE/REGIUSACE/HIMEDIC,8966,0x2306,ABS+FRC,435 498
JP,22987,HIACE/REGIUSACE/HIMEDIC,8969,0x2309,ABS+FRC,435 498
JP,22988,HIACE/REGIUSACE/HIMEDIC,8972,0x230C,ABS+FRC,435 498
JP,22989,CROWN HEV,8975,0x230F,EMPS+FRC,405 498
JP,22990,CROWN HEV,8978,0x2312,EMPS+FRC,405 498
JP,22991,CROWN PATROL CAR HEV,8981,0x2315,EMPS+FRC,405 498
JP,22993,LS500h,8987,0x231B,EMPS+ABS+BRKBST+FRC,405 435 466 498
JP,22995,GX550,8993,0x2321,EMPS+ABS+FRC,405 435 498
JP,22996,RX350,8996,0x2324,EMPS+ABS+FRC,405 435 498
JP,22997,RX350h,8999,0x2327,EMPS+FRC,405 498
JP,22998,RX350h,9002,0x232A,EMPS+FRC,405 498
JP,22999,RX500h,9005,0x232D,EMPS+FRC,405 498
JP,23000,RX450h+,9008,0x2330,EMPS+FRC,405 498
JP,23009,bZ4X,9035,0x234B,EMPS+FRC,405 498
JP,23010,bZ4X,9038,0x234E,EMPS+FRC,405 498
JP,23011,CROWN HEV,9041,0x2351,EMPS+ABS+BRKBST+FRC,405 435 466 498
JP,23012,CROWN PHEV,9044,0x2354,EMPS+ABS+BRKBST+FRC,405 435 466 498
JP,23013,CROWN FCEV,9047,0x2357,EMPS+ABS+BRKBST+FRC,405 435 466 498
JP,23014,CROWN HEV,9050,0x235A,EMPS+ABS+BRKBST+FRC,405 435 466 498
JP,23015,LAND CRUISER HEV,9053,0x235D,EMPS+ABS+BRKBST+FRC,405 435 466 498
JP,23016,LX600,9056,0x2360,EMPS+FRC,405 498
JP,23017,LX700h,9059,0x2363,EMPS+FRC,405 498
JP,23018,CROWN HEV,9062,0x2366,EMPS+FRC,405 498
JP,23019,CROWN PHEV,9065,0x2369,EMPS+FRC,405 498
