surface,selector,declared_response_bytes,producer,producer_writes_declared,criterion,evidence_grade,note
application_rdbi,0x0100,32,0x0004e99e,True,"producer is four-byte success stub (mov 0,r10; jmp lp)",verified (matches DIAG stale-response census),
application_rdbi,0x0101,32,0x0004e98e,True,"producer is four-byte success stub (mov 0,r10; jmp lp)",verified (matches DIAG stale-response census),
application_rdbi,0x0102,7,0x0004cbfc,True,"producer is four-byte success stub (mov 0,r10; jmp lp)",verified (matches DIAG stale-response census),
application_rdbi,0x0103,4,0x0004cc76,True,"producer is four-byte success stub (mov 0,r10; jmp lp)",verified (matches DIAG stale-response census),
application_rdbi,0x0105,12,0x0004ccc4,True,"producer is four-byte success stub (mov 0,r10; jmp lp)",verified (matches DIAG stale-response census),
application_rdbi,0x0109,6,0x0004cd38,True,"producer is four-byte success stub (mov 0,r10; jmp lp)",verified (matches DIAG stale-response census),
application_rdbi,0x010B,16,0x0004cd74,True,"producer is four-byte success stub (mov 0,r10; jmp lp)",verified (matches DIAG stale-response census),
application_rdbi,0x0110,4,0x0004cdd4,True,"producer is four-byte success stub (mov 0,r10; jmp lp)",verified (matches DIAG stale-response census),
application_rdbi,0x0111,4,0x0004cdfc,False,"producer is four-byte success stub (mov 0,r10; jmp lp)",verified (matches DIAG stale-response census),
application_rdbi,0x0112,4,0x0004ce00,True,"producer is four-byte success stub (mov 0,r10; jmp lp)",verified (matches DIAG stale-response census),
application_rdbi,0x0200,32,0x0004e9b6,True,"producer is four-byte success stub (mov 0,r10; jmp lp)",verified (matches DIAG stale-response census),
application_rdbi,0x0204,2,0x0004ce26,True,"producer is four-byte success stub (mov 0,r10; jmp lp)",verified (matches DIAG stale-response census),
application_rdbi,0x1000,32,0x0004e9ce,True,"producer is four-byte success stub (mov 0,r10; jmp lp)",verified (matches DIAG stale-response census),
application_rdbi,0x1031,2,0x0004ce44,True,"producer is four-byte success stub (mov 0,r10; jmp lp)",verified (matches DIAG stale-response census),
application_rdbi,0x1032,2,0x0004ce76,True,"producer is four-byte success stub (mov 0,r10; jmp lp)",verified (matches DIAG stale-response census),
application_rdbi,0x1033,1,0x0004cea0,True,"producer is four-byte success stub (mov 0,r10; jmp lp)",verified (matches DIAG stale-response census),
application_rdbi,0x1034,2,0x0004cec6,True,"producer is four-byte success stub (mov 0,r10; jmp lp)",verified (matches DIAG stale-response census),
application_rdbi,0x1035,2,0x0004cef8,True,"producer is four-byte success stub (mov 0,r10; jmp lp)",verified (matches DIAG stale-response census),
application_rdbi,0x1036,2,0x0004cf44,True,"producer is four-byte success stub (mov 0,r10; jmp lp)",verified (matches DIAG stale-response census),
application_rdbi,0x1037,2,0x0004cf80,True,"producer is four-byte success stub (mov 0,r10; jmp lp)",verified (matches DIAG stale-response census),
application_rdbi,0x1038,1,0x0004cfae,True,"producer is four-byte success stub (mov 0,r10; jmp lp)",verified (matches DIAG stale-response census),
application_rdbi,0x1039,2,0x0004cec6,True,"producer is four-byte success stub (mov 0,r10; jmp lp)",verified (matches DIAG stale-response census),
application_rdbi,0x1061,2,0x0004cfbe,True,"producer is four-byte success stub (mov 0,r10; jmp lp)",verified (matches DIAG stale-response census),
application_rdbi,0x1062,2,0x0004cff0,True,"producer is four-byte success stub (mov 0,r10; jmp lp)",verified (matches DIAG stale-response census),
application_rdbi,0x1063,2,0x0004d022,True,"producer is four-byte success stub (mov 0,r10; jmp lp)",verified (matches DIAG stale-response census),
application_rdbi,0x1064,1,0x0004d05e,True,"producer is four-byte success stub (mov 0,r10; jmp lp)",verified (matches DIAG stale-response census),
application_rdbi,0x1065,1,0x0004d084,True,"producer is four-byte success stub (mov 0,r10; jmp lp)",verified (matches DIAG stale-response census),
application_rdbi,0x1066,1,0x0004d0b0,False,"producer is four-byte success stub (mov 0,r10; jmp lp)",verified (matches DIAG stale-response census),
application_rdbi,0x1067,2,0x0004cfbe,True,"producer is four-byte success stub (mov 0,r10; jmp lp)",verified (matches DIAG stale-response census),
application_rdbi,0x1068,2,0x0004cff0,True,"producer is four-byte success stub (mov 0,r10; jmp lp)",verified (matches DIAG stale-response census),
application_rdbi,0x1069,2,0x0004d022,True,"producer is four-byte success stub (mov 0,r10; jmp lp)",verified (matches DIAG stale-response census),
application_rdbi,0x106A,1,0x0004d0b4,False,"producer is four-byte success stub (mov 0,r10; jmp lp)",verified (matches DIAG stale-response census),
application_rdbi,0x106B,2,0x0004d0b8,True,"producer is four-byte success stub (mov 0,r10; jmp lp)",verified (matches DIAG stale-response census),
application_rdbi,0x106C,2,0x0004d0b8,True,"producer is four-byte success stub (mov 0,r10; jmp lp)",verified (matches DIAG stale-response census),
application_rdbi,0x1091,2,0x0004d0ea,True,"producer is four-byte success stub (mov 0,r10; jmp lp)",verified (matches DIAG stale-response census),
application_rdbi,0x1092,2,0x0004d122,True,"producer is four-byte success stub (mov 0,r10; jmp lp)",verified (matches DIAG stale-response census),
application_rdbi,0x1093,2,0x0004d15a,True,"producer is four-byte success stub (mov 0,r10; jmp lp)",verified (matches DIAG stale-response census),
application_rdbi,0x1094,2,0x0004d192,True,"producer is four-byte success stub (mov 0,r10; jmp lp)",verified (matches DIAG stale-response census),
application_rdbi,0x1095,2,0x0004d1ca,True,"producer is four-byte success stub (mov 0,r10; jmp lp)",verified (matches DIAG stale-response census),
application_rdbi,0x1096,2,0x0004d1f4,True,"producer is four-byte success stub (mov 0,r10; jmp lp)",verified (matches DIAG stale-response census),
application_rdbi,0x1097,2,0x0004d21e,True,"producer is four-byte success stub (mov 0,r10; jmp lp)",verified (matches DIAG stale-response census),
application_rdbi,0x1098,2,0x0004d248,True,"producer is four-byte success stub (mov 0,r10; jmp lp)",verified (matches DIAG stale-response census),
application_rdbi,0x10C1,2,0x0004d272,True,"producer is four-byte success stub (mov 0,r10; jmp lp)",verified (matches DIAG stale-response census),
application_rdbi,0x10C2,2,0x0004d2ae,True,"producer is four-byte success stub (mov 0,r10; jmp lp)",verified (matches DIAG stale-response census),
application_rdbi,0x10C3,2,0x0004d2ea,True,"producer is four-byte success stub (mov 0,r10; jmp lp)",verified (matches DIAG stale-response census),
application_rdbi,0x10C4,2,0x0004d326,True,"producer is four-byte success stub (mov 0,r10; jmp lp)",verified (matches DIAG stale-response census),
application_rdbi,0x10C5,2,0x0004d35c,True,"producer is four-byte success stub (mov 0,r10; jmp lp)",verified (matches DIAG stale-response census),
application_rdbi,0x10C6,2,0x0004d392,True,"producer is four-byte success stub (mov 0,r10; jmp lp)",verified (matches DIAG stale-response census),
application_rdbi,0x10C7,2,0x0004d3c8,False,"producer is four-byte success stub (mov 0,r10; jmp lp)",verified (matches DIAG stale-response census),
application_rdbi,0x10C8,2,0x0004d3cc,False,"producer is four-byte success stub (mov 0,r10; jmp lp)",verified (matches DIAG stale-response census),
application_rdbi,0x10C9,2,0x0004d3d0,False,"producer is four-byte success stub (mov 0,r10; jmp lp)",verified (matches DIAG stale-response census),
application_rdbi,0x10CA,2,0x0004d3d4,True,"producer is four-byte success stub (mov 0,r10; jmp lp)",verified (matches DIAG stale-response census),
application_rdbi,0x10F1,2,0x0004d406,True,"producer is four-byte success stub (mov 0,r10; jmp lp)",verified (matches DIAG stale-response census),
application_rdbi,0x10F2,2,0x0004d442,True,"producer is four-byte success stub (mov 0,r10; jmp lp)",verified (matches DIAG stale-response census),
application_rdbi,0x10F3,2,0x0004d47e,True,"producer is four-byte success stub (mov 0,r10; jmp lp)",verified (matches DIAG stale-response census),
application_rdbi,0x10F4,2,0x0004d4ba,True,"producer is four-byte success stub (mov 0,r10; jmp lp)",verified (matches DIAG stale-response census),
application_rdbi,0x10F5,2,0x0004d4f0,True,"producer is four-byte success stub (mov 0,r10; jmp lp)",verified (matches DIAG stale-response census),
application_rdbi,0x10F6,2,0x0004d526,True,"producer is four-byte success stub (mov 0,r10; jmp lp)",verified (matches DIAG stale-response census),
application_rdbi,0x10F7,2,0x0004d55c,False,"producer is four-byte success stub (mov 0,r10; jmp lp)",verified (matches DIAG stale-response census),
application_rdbi,0x10F8,2,0x0004d560,False,"producer is four-byte success stub (mov 0,r10; jmp lp)",verified (matches DIAG stale-response census),
application_rdbi,0x10F9,2,0x0004d564,False,"producer is four-byte success stub (mov 0,r10; jmp lp)",verified (matches DIAG stale-response census),
application_rdbi,0x10FA,2,0x0004d568,True,"producer is four-byte success stub (mov 0,r10; jmp lp)",verified (matches DIAG stale-response census),
application_rdbi,0x1100,32,0x0004e9e6,True,"producer is four-byte success stub (mov 0,r10; jmp lp)",verified (matches DIAG stale-response census),
application_rdbi,0x1121,2,0x0004d59a,True,"producer is four-byte success stub (mov 0,r10; jmp lp)",verified (matches DIAG stale-response census),
application_rdbi,0x1122,2,0x0004d5ce,True,"producer is four-byte success stub (mov 0,r10; jmp lp)",verified (matches DIAG stale-response census),
application_rdbi,0x1123,2,0x0004d59a,True,"producer is four-byte success stub (mov 0,r10; jmp lp)",verified (matches DIAG stale-response census),
application_rdbi,0x1124,2,0x0004d602,False,"producer is four-byte success stub (mov 0,r10; jmp lp)",verified (matches DIAG stale-response census),
application_rdbi,0x1125,2,0x0004d606,False,"producer is four-byte success stub (mov 0,r10; jmp lp)",verified (matches DIAG stale-response census),
application_rdbi,0x1126,2,0x0004d60a,False,"producer is four-byte success stub (mov 0,r10; jmp lp)",verified (matches DIAG stale-response census),
application_rdbi,0x1127,2,0x0004d60e,False,"producer is four-byte success stub (mov 0,r10; jmp lp)",verified (matches DIAG stale-response census),
application_rdbi,0x1128,2,0x0004d612,False,"producer is four-byte success stub (mov 0,r10; jmp lp)",verified (matches DIAG stale-response census),
application_rdbi,0x1129,2,0x0004d616,False,"producer is four-byte success stub (mov 0,r10; jmp lp)",verified (matches DIAG stale-response census),
application_rdbi,0x112A,2,0x0004d5ce,True,"producer is four-byte success stub (mov 0,r10; jmp lp)",verified (matches DIAG stale-response census),
application_rdbi,0x112B,2,0x0004d61a,True,"producer is four-byte success stub (mov 0,r10; jmp lp)",verified (matches DIAG stale-response census),
application_rdbi,0x112C,2,0x0004d61a,True,"producer is four-byte success stub (mov 0,r10; jmp lp)",verified (matches DIAG stale-response census),
application_rdbi,0x112D,4,0x0004d644,True,"producer is four-byte success stub (mov 0,r10; jmp lp)",verified (matches DIAG stale-response census),
application_rdbi,0x112E,2,0x0004d680,True,"producer is four-byte success stub (mov 0,r10; jmp lp)",verified (matches DIAG stale-response census),
application_rdbi,0x112F,7,0x0004d6c0,False,"producer is four-byte success stub (mov 0,r10; jmp lp)",verified (matches DIAG stale-response census),
application_rdbi,0x1130,1,0x0004d6c4,False,"producer is four-byte success stub (mov 0,r10; jmp lp)",verified (matches DIAG stale-response census),
application_rdbi,0x1131,1,0x0004d6c8,False,"producer is four-byte success stub (mov 0,r10; jmp lp)",verified (matches DIAG stale-response census),
application_rdbi,0x1132,2,0x0004d6cc,True,"producer is four-byte success stub (mov 0,r10; jmp lp)",verified (matches DIAG stale-response census),
application_rdbi,0x1133,1,0x0004d6f6,True,"producer is four-byte success stub (mov 0,r10; jmp lp)",verified (matches DIAG stale-response census),
application_rdbi,0x1151,2,0x0004d71c,True,"producer is four-byte success stub (mov 0,r10; jmp lp)",verified (matches DIAG stale-response census),
application_rdbi,0x1152,2,0x0004d758,True,"producer is four-byte success stub (mov 0,r10; jmp lp)",verified (matches DIAG stale-response census),
application_rdbi,0x1153,2,0x0004d794,True,"producer is four-byte success stub (mov 0,r10; jmp lp)",verified (matches DIAG stale-response census),
application_rdbi,0x1154,2,0x0004d7d0,True,"producer is four-byte success stub (mov 0,r10; jmp lp)",verified (matches DIAG stale-response census),
application_rdbi,0x1155,2,0x0004d80c,True,"producer is four-byte success stub (mov 0,r10; jmp lp)",verified (matches DIAG stale-response census),
application_rdbi,0x1156,2,0x0004d856,True,"producer is four-byte success stub (mov 0,r10; jmp lp)",verified (matches DIAG stale-response census),
application_rdbi,0x1157,2,0x0004d71c,True,"producer is four-byte success stub (mov 0,r10; jmp lp)",verified (matches DIAG stale-response census),
application_rdbi,0x1158,2,0x0004d758,True,"producer is four-byte success stub (mov 0,r10; jmp lp)",verified (matches DIAG stale-response census),
application_rdbi,0x1159,2,0x0004d794,True,"producer is four-byte success stub (mov 0,r10; jmp lp)",verified (matches DIAG stale-response census),
application_rdbi,0x115A,2,0x0004d7d0,True,"producer is four-byte success stub (mov 0,r10; jmp lp)",verified (matches DIAG stale-response census),
application_rdbi,0x115B,2,0x0004d80c,True,"producer is four-byte success stub (mov 0,r10; jmp lp)",verified (matches DIAG stale-response census),
application_rdbi,0x115C,2,0x0004d856,True,"producer is four-byte success stub (mov 0,r10; jmp lp)",verified (matches DIAG stale-response census),
application_rdbi,0x1181,1,0x0004d890,True,"producer is four-byte success stub (mov 0,r10; jmp lp)",verified (matches DIAG stale-response census),
application_rdbi,0x1182,1,0x0004d8b6,True,"producer is four-byte success stub (mov 0,r10; jmp lp)",verified (matches DIAG stale-response census),
application_rdbi,0x1183,1,0x0004d8c8,True,"producer is four-byte success stub (mov 0,r10; jmp lp)",verified (matches DIAG stale-response census),
application_rdbi,0x1184,1,0x0004d8fc,True,"producer is four-byte success stub (mov 0,r10; jmp lp)",verified (matches DIAG stale-response census),
application_rdbi,0x1185,2,0x0004d930,True,"producer is four-byte success stub (mov 0,r10; jmp lp)",verified (matches DIAG stale-response census),
application_rdbi,0x1186,2,0x0004d95a,True,"producer is four-byte success stub (mov 0,r10; jmp lp)",verified (matches DIAG stale-response census),
application_rdbi,0x11B1,1,0x0004d988,True,"producer is four-byte success stub (mov 0,r10; jmp lp)",verified (matches DIAG stale-response census),
application_rdbi,0x11B3,1,0x0004d9b4,True,"producer is four-byte success stub (mov 0,r10; jmp lp)",verified (matches DIAG stale-response census),
application_rdbi,0x11B4,1,0x0004d9e0,True,"producer is four-byte success stub (mov 0,r10; jmp lp)",verified (matches DIAG stale-response census),
application_rdbi,0x11B5,1,0x0004da0c,True,"producer is four-byte success stub (mov 0,r10; jmp lp)",verified (matches DIAG stale-response census),
application_rdbi,0x11B6,1,0x0004da38,True,"producer is four-byte success stub (mov 0,r10; jmp lp)",verified (matches DIAG stale-response census),
application_rdbi,0x11B7,1,0x0004da66,True,"producer is four-byte success stub (mov 0,r10; jmp lp)",verified (matches DIAG stale-response census),
application_rdbi,0x11B8,1,0x0004da8e,True,"producer is four-byte success stub (mov 0,r10; jmp lp)",verified (matches DIAG stale-response census),
application_rdbi,0x11B9,1,0x0004dab6,True,"producer is four-byte success stub (mov 0,r10; jmp lp)",verified (matches DIAG stale-response census),
application_rdbi,0x11BA,1,0x0004dade,True,"producer is four-byte success stub (mov 0,r10; jmp lp)",verified (matches DIAG stale-response census),
application_rdbi,0x11BB,1,0x0004db06,True,"producer is four-byte success stub (mov 0,r10; jmp lp)",verified (matches DIAG stale-response census),
application_rdbi,0x11BC,1,0x0004db2e,False,"producer is four-byte success stub (mov 0,r10; jmp lp)",verified (matches DIAG stale-response census),
application_rdbi,0x11BD,1,0x0004db32,True,"producer is four-byte success stub (mov 0,r10; jmp lp)",verified (matches DIAG stale-response census),
application_rdbi,0x11BE,1,0x0004d988,True,"producer is four-byte success stub (mov 0,r10; jmp lp)",verified (matches DIAG stale-response census),
application_rdbi,0x11BF,1,0x0004d9b4,True,"producer is four-byte success stub (mov 0,r10; jmp lp)",verified (matches DIAG stale-response census),
application_rdbi,0x11C0,1,0x0004d9e0,True,"producer is four-byte success stub (mov 0,r10; jmp lp)",verified (matches DIAG stale-response census),
application_rdbi,0x11C1,1,0x0004da0c,True,"producer is four-byte success stub (mov 0,r10; jmp lp)",verified (matches DIAG stale-response census),
application_rdbi,0x11C2,1,0x0004da38,True,"producer is four-byte success stub (mov 0,r10; jmp lp)",verified (matches DIAG stale-response census),
application_rdbi,0x11C3,1,0x0004da66,True,"producer is four-byte success stub (mov 0,r10; jmp lp)",verified (matches DIAG stale-response census),
application_rdbi,0x11C4,1,0x0004da8e,True,"producer is four-byte success stub (mov 0,r10; jmp lp)",verified (matches DIAG stale-response census),
application_rdbi,0x11C5,1,0x0004dab6,True,"producer is four-byte success stub (mov 0,r10; jmp lp)",verified (matches DIAG stale-response census),
application_rdbi,0x11C6,1,0x0004dade,True,"producer is four-byte success stub (mov 0,r10; jmp lp)",verified (matches DIAG stale-response census),
application_rdbi,0x11C7,1,0x0004db06,True,"producer is four-byte success stub (mov 0,r10; jmp lp)",verified (matches DIAG stale-response census),
application_rdbi,0x11C8,1,0x0004db2e,False,"producer is four-byte success stub (mov 0,r10; jmp lp)",verified (matches DIAG stale-response census),
application_rdbi,0x11C9,1,0x0004db32,True,"producer is four-byte success stub (mov 0,r10; jmp lp)",verified (matches DIAG stale-response census),
application_rdbi,0x1C00,32,0x0004e9fe,True,"producer is four-byte success stub (mov 0,r10; jmp lp)",verified (matches DIAG stale-response census),
application_rdbi,0x1C02,2,0x0004db5e,True,"producer is four-byte success stub (mov 0,r10; jmp lp)",verified (matches DIAG stale-response census),
application_rdbi,0x1C03,2,0x0004dba6,True,"producer is four-byte success stub (mov 0,r10; jmp lp)",verified (matches DIAG stale-response census),
application_rdbi,0x1C05,8,0x0004dbd0,True,"producer is four-byte success stub (mov 0,r10; jmp lp)",verified (matches DIAG stale-response census),
application_rdbi,0x1C06,2,0x0004dbf2,True,"producer is four-byte success stub (mov 0,r10; jmp lp)",verified (matches DIAG stale-response census),
application_rdbi,0x1C07,2,0x0004dc40,True,"producer is four-byte success stub (mov 0,r10; jmp lp)",verified (matches DIAG stale-response census),
application_rdbi,0x1C08,1,0x0004dc8e,True,"producer is four-byte success stub (mov 0,r10; jmp lp)",verified (matches DIAG stale-response census),
application_rdbi,0x1C09,1,0x0004dcb6,True,"producer is four-byte success stub (mov 0,r10; jmp lp)",verified (matches DIAG stale-response census),
application_rdbi,0x1C0C,8,0x0004dbd0,True,"producer is four-byte success stub (mov 0,r10; jmp lp)",verified (matches DIAG stale-response census),
application_rdbi,0x1C31,1,0x0004dcde,True,"producer is four-byte success stub (mov 0,r10; jmp lp)",verified (matches DIAG stale-response census),
application_rdbi,0x1C32,2,0x0004dd04,True,"producer is four-byte success stub (mov 0,r10; jmp lp)",verified (matches DIAG stale-response census),
application_rdbi,0x1C33,1,0x0004dd40,True,"producer is four-byte success stub (mov 0,r10; jmp lp)",verified (matches DIAG stale-response census),
application_rdbi,0x1C37,1,0x0004dd68,True,"producer is four-byte success stub (mov 0,r10; jmp lp)",verified (matches DIAG stale-response census),
application_rdbi,0x1C38,2,0x0004dd8e,True,"producer is four-byte success stub (mov 0,r10; jmp lp)",verified (matches DIAG stale-response census),
application_rdbi,0x1C39,1,0x0004ddca,True,"producer is four-byte success stub (mov 0,r10; jmp lp)",verified (matches DIAG stale-response census),
application_rdbi,0x1C3D,1,0x0004ddf2,True,"producer is four-byte success stub (mov 0,r10; jmp lp)",verified (matches DIAG stale-response census),
application_rdbi,0x1C3E,2,0x0004de18,True,"producer is four-byte success stub (mov 0,r10; jmp lp)",verified (matches DIAG stale-response census),
application_rdbi,0x1C3F,1,0x0004de54,True,"producer is four-byte success stub (mov 0,r10; jmp lp)",verified (matches DIAG stale-response census),
application_rdbi,0x1C43,1,0x0004de7c,True,"producer is four-byte success stub (mov 0,r10; jmp lp)",verified (matches DIAG stale-response census),
application_rdbi,0x1C44,2,0x0004dea2,True,"producer is four-byte success stub (mov 0,r10; jmp lp)",verified (matches DIAG stale-response census),
application_rdbi,0x1C49,1,0x0004dede,True,"producer is four-byte success stub (mov 0,r10; jmp lp)",verified (matches DIAG stale-response census),
application_rdbi,0x1C4A,2,0x0004df04,True,"producer is four-byte success stub (mov 0,r10; jmp lp)",verified (matches DIAG stale-response census),
application_rdbi,0x1C4B,1,0x0004df40,True,"producer is four-byte success stub (mov 0,r10; jmp lp)",verified (matches DIAG stale-response census),
application_rdbi,0x1C4F,1,0x0004df68,True,"producer is four-byte success stub (mov 0,r10; jmp lp)",verified (matches DIAG stale-response census),
application_rdbi,0x1C50,2,0x0004df8e,True,"producer is four-byte success stub (mov 0,r10; jmp lp)",verified (matches DIAG stale-response census),
application_rdbi,0x1C51,1,0x0004dfca,True,"producer is four-byte success stub (mov 0,r10; jmp lp)",verified (matches DIAG stale-response census),
application_rdbi,0x1C52,1,0x0004dff2,True,"producer is four-byte success stub (mov 0,r10; jmp lp)",verified (matches DIAG stale-response census),
application_rdbi,0x1C53,2,0x0004e018,True,"producer is four-byte success stub (mov 0,r10; jmp lp)",verified (matches DIAG stale-response census),
application_rdbi,0x1C81,1,0x0004e054,True,"producer is four-byte success stub (mov 0,r10; jmp lp)",verified (matches DIAG stale-response census),
application_rdbi,0x1C82,1,0x0004e080,True,"producer is four-byte success stub (mov 0,r10; jmp lp)",verified (matches DIAG stale-response census),
application_rdbi,0x1C83,1,0x0004e0ac,True,"producer is four-byte success stub (mov 0,r10; jmp lp)",verified (matches DIAG stale-response census),
application_rdbi,0x1C84,1,0x0004e0d8,True,"producer is four-byte success stub (mov 0,r10; jmp lp)",verified (matches DIAG stale-response census),
application_rdbi,0x1C86,1,0x0004e104,True,"producer is four-byte success stub (mov 0,r10; jmp lp)",verified (matches DIAG stale-response census),
application_rdbi,0x1C87,7,0x0004e12c,True,"producer is four-byte success stub (mov 0,r10; jmp lp)",verified (matches DIAG stale-response census),
application_rdbi,0x1C99,1,0x0004e194,False,"producer is four-byte success stub (mov 0,r10; jmp lp)",verified (matches DIAG stale-response census),
application_rdbi,0x1C9A,1,0x0004e198,False,"producer is four-byte success stub (mov 0,r10; jmp lp)",verified (matches DIAG stale-response census),
application_rdbi,0x1C9B,1,0x0004e19c,False,"producer is four-byte success stub (mov 0,r10; jmp lp)",verified (matches DIAG stale-response census),
application_rdbi,0x1C9C,7,0x0004e1a0,False,"producer is four-byte success stub (mov 0,r10; jmp lp)",verified (matches DIAG stale-response census),
application_rdbi,0x1C9D,1,0x0004e1a4,False,"producer is four-byte success stub (mov 0,r10; jmp lp)",verified (matches DIAG stale-response census),
application_rdbi,0x1C9E,7,0x0004e1a8,False,"producer is four-byte success stub (mov 0,r10; jmp lp)",verified (matches DIAG stale-response census),
application_rdbi,0x1C9F,1,0x0004e1ac,False,"producer is four-byte success stub (mov 0,r10; jmp lp)",verified (matches DIAG stale-response census),
application_rdbi,0x1CA0,7,0x0004e1b0,False,"producer is four-byte success stub (mov 0,r10; jmp lp)",verified (matches DIAG stale-response census),
application_rdbi,0x1CA1,1,0x0004e1b4,True,"producer is four-byte success stub (mov 0,r10; jmp lp)",verified (matches DIAG stale-response census),
application_rdbi,0x1CA2,7,0x0004e1dc,True,"producer is four-byte success stub (mov 0,r10; jmp lp)",verified (matches DIAG stale-response census),
application_rdbi,0x1CA3,2,0x0004e242,True,"producer is four-byte success stub (mov 0,r10; jmp lp)",verified (matches DIAG stale-response census),
application_rdbi,0x1CA4,2,0x0004e26c,True,"producer is four-byte success stub (mov 0,r10; jmp lp)",verified (matches DIAG stale-response census),
application_rdbi,0x1CA5,1,0x0004e29e,True,"producer is four-byte success stub (mov 0,r10; jmp lp)",verified (matches DIAG stale-response census),
application_rdbi,0x1CA6,7,0x0004e2c6,True,"producer is four-byte success stub (mov 0,r10; jmp lp)",verified (matches DIAG stale-response census),
application_rdbi,0x1CA7,2,0x0004e32c,True,"producer is four-byte success stub (mov 0,r10; jmp lp)",verified (matches DIAG stale-response census),
application_rdbi,0x1CA8,2,0x0004e356,True,"producer is four-byte success stub (mov 0,r10; jmp lp)",verified (matches DIAG stale-response census),
application_rdbi,0x1CA9,2,0x0004e388,True,"producer is four-byte success stub (mov 0,r10; jmp lp)",verified (matches DIAG stale-response census),
application_rdbi,0x1CAA,2,0x0004e3c2,True,"producer is four-byte success stub (mov 0,r10; jmp lp)",verified (matches DIAG stale-response census),
application_rdbi,0x1CAB,32,0x0004e3fc,True,"producer is four-byte success stub (mov 0,r10; jmp lp)",verified (matches DIAG stale-response census),
application_rdbi,0x1CAC,1,0x0004e054,True,"producer is four-byte success stub (mov 0,r10; jmp lp)",verified (matches DIAG stale-response census),
application_rdbi,0x1CAD,1,0x0004e080,True,"producer is four-byte success stub (mov 0,r10; jmp lp)",verified (matches DIAG stale-response census),
application_rdbi,0x1CAE,1,0x0004e0ac,True,"producer is four-byte success stub (mov 0,r10; jmp lp)",verified (matches DIAG stale-response census),
application_rdbi,0x1CAF,1,0x0004e0d8,True,"producer is four-byte success stub (mov 0,r10; jmp lp)",verified (matches DIAG stale-response census),
application_rdbi,0x1CB0,1,0x0004e104,True,"producer is four-byte success stub (mov 0,r10; jmp lp)",verified (matches DIAG stale-response census),
application_rdbi,0x1CB1,7,0x0004e12c,True,"producer is four-byte success stub (mov 0,r10; jmp lp)",verified (matches DIAG stale-response census),
application_rdbi,0x1CC0,1,0x0004e1b4,True,"producer is four-byte success stub (mov 0,r10; jmp lp)",verified (matches DIAG stale-response census),
application_rdbi,0x1CC1,7,0x0004e1dc,True,"producer is four-byte success stub (mov 0,r10; jmp lp)",verified (matches DIAG stale-response census),
application_rdbi,0x1CC2,2,0x0004e242,True,"producer is four-byte success stub (mov 0,r10; jmp lp)",verified (matches DIAG stale-response census),
application_rdbi,0x1CC3,2,0x0004e26c,True,"producer is four-byte success stub (mov 0,r10; jmp lp)",verified (matches DIAG stale-response census),
application_rdbi,0x1CC4,1,0x0004e29e,True,"producer is four-byte success stub (mov 0,r10; jmp lp)",verified (matches DIAG stale-response census),
application_rdbi,0x1CC5,7,0x0004e2c6,True,"producer is four-byte success stub (mov 0,r10; jmp lp)",verified (matches DIAG stale-response census),
application_rdbi,0x1CC6,2,0x0004e32c,True,"producer is four-byte success stub (mov 0,r10; jmp lp)",verified (matches DIAG stale-response census),
application_rdbi,0x1CC7,2,0x0004e356,True,"producer is four-byte success stub (mov 0,r10; jmp lp)",verified (matches DIAG stale-response census),
application_rdbi,0x1CC8,2,0x0004e388,True,"producer is four-byte success stub (mov 0,r10; jmp lp)",verified (matches DIAG stale-response census),
application_rdbi,0x1CC9,2,0x0004e3c2,True,"producer is four-byte success stub (mov 0,r10; jmp lp)",verified (matches DIAG stale-response census),
application_rdbi,0x1CCA,32,0x0004e3fc,True,"producer is four-byte success stub (mov 0,r10; jmp lp)",verified (matches DIAG stale-response census),
application_rdbi,0x1CF4,45,0x0004e40c,False,"producer is four-byte success stub (mov 0,r10; jmp lp)",verified (matches DIAG stale-response census),
application_rdbi,0x1CF5,45,0x0004e410,False,"producer is four-byte success stub (mov 0,r10; jmp lp)",verified (matches DIAG stale-response census),
application_rdbi,0x1CF6,45,0x0004e414,False,"producer is four-byte success stub (mov 0,r10; jmp lp)",verified (matches DIAG stale-response census),
application_rdbi,0x1CF7,45,0x0004e418,False,"producer is four-byte success stub (mov 0,r10; jmp lp)",verified (matches DIAG stale-response census),
application_rdbi,0x1CF8,45,0x0004e41c,False,"producer is four-byte success stub (mov 0,r10; jmp lp)",verified (matches DIAG stale-response census),
application_rdbi,0x1CF9,45,0x0004e420,False,"producer is four-byte success stub (mov 0,r10; jmp lp)",verified (matches DIAG stale-response census),
application_rdbi,0x1CFA,45,0x0004e424,False,"producer is four-byte success stub (mov 0,r10; jmp lp)",verified (matches DIAG stale-response census),
application_rdbi,0x1CFB,45,0x0004e428,False,"producer is four-byte success stub (mov 0,r10; jmp lp)",verified (matches DIAG stale-response census),
application_rdbi,0x1CFC,45,0x0004e42c,False,"producer is four-byte success stub (mov 0,r10; jmp lp)",verified (matches DIAG stale-response census),
application_rdbi,0x1CFD,45,0x0004e430,False,"producer is four-byte success stub (mov 0,r10; jmp lp)",verified (matches DIAG stale-response census),
application_rdbi,0x1CFE,45,0x0004e434,False,"producer is four-byte success stub (mov 0,r10; jmp lp)",verified (matches DIAG stale-response census),
application_rdbi,0x1CFF,45,0x0004e438,False,"producer is four-byte success stub (mov 0,r10; jmp lp)",verified (matches DIAG stale-response census),
application_rdbi,0x1D00,32,0x0004ea16,True,"producer is four-byte success stub (mov 0,r10; jmp lp)",verified (matches DIAG stale-response census),
application_rdbi,0x1D01,45,0x0004e43c,False,"producer is four-byte success stub (mov 0,r10; jmp lp)",verified (matches DIAG stale-response census),
application_rdbi,0x1D02,45,0x0004e440,False,"producer is four-byte success stub (mov 0,r10; jmp lp)",verified (matches DIAG stale-response census),
application_rdbi,0x1D03,45,0x0004e444,False,"producer is four-byte success stub (mov 0,r10; jmp lp)",verified (matches DIAG stale-response census),
application_rdbi,0x1F00,32,0x0004ea2e,True,"producer is four-byte success stub (mov 0,r10; jmp lp)",verified (matches DIAG stale-response census),
application_rdbi,0x1F01,8,0x0004e448,True,"producer is four-byte success stub (mov 0,r10; jmp lp)",verified (matches DIAG stale-response census),
application_rdbi,0x1F02,8,0x0004e448,True,"producer is four-byte success stub (mov 0,r10; jmp lp)",verified (matches DIAG stale-response census),
application_rdbi,0x1F03,1,0x0004e482,False,"producer is four-byte success stub (mov 0,r10; jmp lp)",verified (matches DIAG stale-response census),
application_rdbi,0x1F04,1,0x0004e486,False,"producer is four-byte success stub (mov 0,r10; jmp lp)",verified (matches DIAG stale-response census),
application_rdbi,0x2000,32,0x0004ea46,True,"producer is four-byte success stub (mov 0,r10; jmp lp)",verified (matches DIAG stale-response census),
application_rdbi,0x2001,1,0x0004e48a,True,"producer is four-byte success stub (mov 0,r10; jmp lp)",verified (matches DIAG stale-response census),
application_rdbi,0x2002,1,0x0004e4aa,True,"producer is four-byte success stub (mov 0,r10; jmp lp)",verified (matches DIAG stale-response census),
application_rdbi,0x2003,1,0x0004e4d2,True,"producer is four-byte success stub (mov 0,r10; jmp lp)",verified (matches DIAG stale-response census),
application_rdbi,0x2004,1,0x0004e50c,True,"producer is four-byte success stub (mov 0,r10; jmp lp)",verified (matches DIAG stale-response census),
application_rdbi,0x2005,1,0x0004e546,True,"producer is four-byte success stub (mov 0,r10; jmp lp)",verified (matches DIAG stale-response census),
application_rdbi,0x2006,1,0x0004e57c,True,"producer is four-byte success stub (mov 0,r10; jmp lp)",verified (matches DIAG stale-response census),
application_rdbi,0x2007,1,0x0004e5b2,True,"producer is four-byte success stub (mov 0,r10; jmp lp)",verified (matches DIAG stale-response census),
application_rdbi,0x2008,1,0x0004e5e8,True,"producer is four-byte success stub (mov 0,r10; jmp lp)",verified (matches DIAG stale-response census),
application_rdbi,0x2009,1,0x0004e61e,True,"producer is four-byte success stub (mov 0,r10; jmp lp)",verified (matches DIAG stale-response census),
application_rdbi,0x200A,3,0x0004e654,True,"producer is four-byte success stub (mov 0,r10; jmp lp)",verified (matches DIAG stale-response census),
application_rdbi,0x200B,4,0x0004e6d4,True,"producer is four-byte success stub (mov 0,r10; jmp lp)",verified (matches DIAG stale-response census),
application_rdbi,0x200C,1,0x0004e774,True,"producer is four-byte success stub (mov 0,r10; jmp lp)",verified (matches DIAG stale-response census),
application_rdbi,0x200D,1,0x0004e7ae,True,"producer is four-byte success stub (mov 0,r10; jmp lp)",verified (matches DIAG stale-response census),
application_rdbi,0x200E,1,0x0004e7e4,True,"producer is four-byte success stub (mov 0,r10; jmp lp)",verified (matches DIAG stale-response census),
application_rdbi,0x200F,1,0x0004e81e,True,"producer is four-byte success stub (mov 0,r10; jmp lp)",verified (matches DIAG stale-response census),
application_rdbi,0x2010,1,0x0004e858,True,"producer is four-byte success stub (mov 0,r10; jmp lp)",verified (matches DIAG stale-response census),
application_rdbi,0x2012,1,0x0004e8a2,True,"producer is four-byte success stub (mov 0,r10; jmp lp)",verified (matches DIAG stale-response census),
application_rdbi,0x2013,2,0x0004e8b6,True,"producer is four-byte success stub (mov 0,r10; jmp lp)",verified (matches DIAG stale-response census),
application_rdbi,0x2014,1,0x0004e8ca,True,"producer is four-byte success stub (mov 0,r10; jmp lp)",verified (matches DIAG stale-response census),
application_rdbi,0x2030,16,0x0004e8dc,False,"producer is four-byte success stub (mov 0,r10; jmp lp)",verified (matches DIAG stale-response census),
application_rdbi,0x2031,16,0x0004e8dc,False,"producer is four-byte success stub (mov 0,r10; jmp lp)",verified (matches DIAG stale-response census),
application_rdbi,0x2032,17,0x0004e8e0,False,"producer is four-byte success stub (mov 0,r10; jmp lp)",verified (matches DIAG stale-response census),
application_rdbi,0xF100,32,0x0004ea5e,True,"producer is four-byte success stub (mov 0,r10; jmp lp)",verified (matches DIAG stale-response census),
application_rdbi,0xF181,17,0x0004e8e4,True,"producer is four-byte success stub (mov 0,r10; jmp lp)",verified (matches DIAG stale-response census),
application_rdbi,0xF186,1,0x0004e90a,True,"producer is four-byte success stub (mov 0,r10; jmp lp)",verified (matches DIAG stale-response census),
application_rdbi,0xF18C,20,0x0004e918,True,"producer is four-byte success stub (mov 0,r10; jmp lp)",verified (matches DIAG stale-response census),
application_routine_control_pack,0x1000/type1_result,1,0x95966 descriptors @ 0x0002679c,True,pointer-copyx1,recovered (packer descriptor census; kind-6 assigns and kind-7 routine-owned lengths are written by construction),
application_routine_control_pack,0x1000/type3_request_result,1,0x95966 descriptors @ 0x000266b8,True,assign-bytex1,recovered (packer descriptor census; kind-6 assigns and kind-7 routine-owned lengths are written by construction),
application_routine_control_pack,0x1001/type1_result,1,0x95966 descriptors @ 0x000267a8,True,pointer-copyx1,recovered (packer descriptor census; kind-6 assigns and kind-7 routine-owned lengths are written by construction),
application_routine_control_pack,0x1001/type3_request_result,1,0x95966 descriptors @ 0x000266c4,True,assign-bytex1,recovered (packer descriptor census; kind-6 assigns and kind-7 routine-owned lengths are written by construction),
application_routine_control_pack,0x1002/type3_request_result,1,0x95966 descriptors @ 0x000266d0,True,assign-bytex1,recovered (packer descriptor census; kind-6 assigns and kind-7 routine-owned lengths are written by construction),
application_routine_control_pack,0x1004/type3_request_result,1,0x95966 descriptors @ 0x000266dc,True,assign-bytex1,recovered (packer descriptor census; kind-6 assigns and kind-7 routine-owned lengths are written by construction),
application_routine_control_pack,0x1007/type3_request_result,1,0x95966 descriptors @ 0x000266e8,True,assign-bytex1,recovered (packer descriptor census; kind-6 assigns and kind-7 routine-owned lengths are written by construction),
application_routine_control_pack,0x1008/type3_request_result,1,0x95966 descriptors @ 0x000266f4,True,assign-bytex1,recovered (packer descriptor census; kind-6 assigns and kind-7 routine-owned lengths are written by construction),
application_routine_control_pack,0x1009/type3_request_result,1,0x95966 descriptors @ 0x00026700,True,assign-bytex1,recovered (packer descriptor census; kind-6 assigns and kind-7 routine-owned lengths are written by construction),
application_routine_control_pack,0x1010/type1_result,1,0x95966 descriptors @ 0x000267b4,True,pointer-copyx1,recovered (packer descriptor census; kind-6 assigns and kind-7 routine-owned lengths are written by construction),
application_routine_control_pack,0x1010/type3_request_result,1,0x95966 descriptors @ 0x0002670c,True,pointer-copyx1,recovered (packer descriptor census; kind-6 assigns and kind-7 routine-owned lengths are written by construction),
application_routine_control_pack,0x1100/type1_result,1,0x95966 descriptors @ 0x000267c0,True,pointer-copyx1,recovered (packer descriptor census; kind-6 assigns and kind-7 routine-owned lengths are written by construction),
application_routine_control_pack,0x1100/type3_request_result,1,0x95966 descriptors @ 0x00026718,True,assign-bytex1,recovered (packer descriptor census; kind-6 assigns and kind-7 routine-owned lengths are written by construction),
application_routine_control_pack,0x1103/type3_request_result,1,0x95966 descriptors @ 0x00026724,True,assign-bytex1,recovered (packer descriptor census; kind-6 assigns and kind-7 routine-owned lengths are written by construction),
application_routine_control_pack,0x1106/type3_request_result,1,0x95966 descriptors @ 0x00026730,True,assign-bytex1,recovered (packer descriptor census; kind-6 assigns and kind-7 routine-owned lengths are written by construction),
application_routine_control_pack,0x1108/type3_request_result,1,0x95966 descriptors @ 0x0002673c,True,assign-bytex1,recovered (packer descriptor census; kind-6 assigns and kind-7 routine-owned lengths are written by construction),
application_routine_control_pack,0x1109/type3_request_result,1,0x95966 descriptors @ 0x00026748,True,assign-bytex1,recovered (packer descriptor census; kind-6 assigns and kind-7 routine-owned lengths are written by construction),
application_routine_control_pack,0x110a/type3_request_result,1,0x95966 descriptors @ 0x00026754,True,assign-bytex1,recovered (packer descriptor census; kind-6 assigns and kind-7 routine-owned lengths are written by construction),
application_routine_control_pack,0x110b/type3_request_result,1,0x95966 descriptors @ 0x00026760,True,assign-bytex1,recovered (packer descriptor census; kind-6 assigns and kind-7 routine-owned lengths are written by construction),
application_routine_control_pack,0x110c/type3_request_result,1,0x95966 descriptors @ 0x0002676c,True,assign-bytex1,recovered (packer descriptor census; kind-6 assigns and kind-7 routine-owned lengths are written by construction),
application_routine_control_pack,0x110d/type3_request_result,1,0x95966 descriptors @ 0x00026778,True,assign-bytex1,recovered (packer descriptor census; kind-6 assigns and kind-7 routine-owned lengths are written by construction),
application_wdbi,0x0204,28,0x4EC2A,True,result callback is a success stub while result size >0,recovered (structural census),
application_wdbi,0x2001,68,0x4EC78,True,result callback is a success stub while result size >0,recovered (structural census),
application_wdbi,0x2002,76,0x4ECD0,True,result callback is a success stub while result size >0,recovered (structural census),
application_wdbi,0x2005,54,0x4ED40,True,result callback is a success stub while result size >0,recovered (structural census),
application_wdbi,0x2006,54,0x4ED8A,True,result callback is a success stub while result size >0,recovered (structural census),
application_wdbi,0x2007,54,0x4EDD4,True,result callback is a success stub while result size >0,recovered (structural census),
application_wdbi,0x2008,54,0x4EE1E,True,result callback is a success stub while result size >0,recovered (structural census),
application_wdbi,0x2009,54,0x4EE68,True,result callback is a success stub while result size >0,recovered (structural census),
application_wdbi,0x200D,54,0x4EEBA,True,result callback is a success stub while result size >0,recovered (structural census),
application_wdbi,0x2010,70,0x4EF04,True,result callback is a success stub while result size >0,recovered (structural census),
application_wdbi,0x2012,26,0x4EF4E,True,result callback is a success stub while result size >0,recovered (structural census),
application_wdbi,0x2013,28,0x4EF90,True,result callback is a success stub while result size >0,recovered (structural census),
application_wdbi,0x2014,42,0x4EFD4,True,result callback is a success stub while result size >0,recovered (structural census),
xcp_command,0xfb,8,0x0009729a,True,handler routes through full-frame response builder 0x9724E,recovered (callback-table census),0x81FE4 clears the 8-byte Rx staging slot before copy; short-frame stale-tail closed (COM-005)
xcp_command,0xfa,8,0x000972fa,True,handler routes through full-frame response builder 0x9724E,recovered (callback-table census),0x81FE4 clears the 8-byte Rx staging slot before copy; short-frame stale-tail closed (COM-005)
xcp_command,0xf5,8,0x00097432,True,handler routes through full-frame response builder 0x9724E,recovered (callback-table census),0x81FE4 clears the 8-byte Rx staging slot before copy; short-frame stale-tail closed (COM-005)
xcp_command,0xf3,8,0x00097546,True,handler routes through full-frame response builder 0x9724E,recovered (callback-table census),0x81FE4 clears the 8-byte Rx staging slot before copy; short-frame stale-tail closed (COM-005)
xcp_command,0xeb,8,0x000975ee,True,handler routes through full-frame response builder 0x9724E,recovered (callback-table census),0x81FE4 clears the 8-byte Rx staging slot before copy; short-frame stale-tail closed (COM-005)
xcp_command,0xea,8,0x00097668,True,handler routes through full-frame response builder 0x9724E,recovered (callback-table census),0x81FE4 clears the 8-byte Rx staging slot before copy; short-frame stale-tail closed (COM-005)
xcp_command,0xe4,8,0x000976f4,True,handler routes through full-frame response builder 0x9724E,recovered (callback-table census),0x81FE4 clears the 8-byte Rx staging slot before copy; short-frame stale-tail closed (COM-005)
bootloader_rdbi,0xF181,33,0x5FB8,True,producer synthesizes every declared byte (verified DID model),verified negative,
