route,t_route,segment,residual_counts,B4,B18,B20,B22,B24,B26_signed13,clamped_residual_counts,gas_fraction,b6_high_bits,moving,brake_on,gas_on,result_id,request_loss,status_hex,brake_change_0_5s,gas_change_0_5s,op_change_0_5s
00000003--78555c9090,133.795828699,2,41,-452,-411,-490,2323,-490,0,41,0.0,0,True,False,False,11,False,00000018fe3c0be600000004000b00000044fe65fe160913fe1600000edfda3c,False,True,True
00000003--78555c9090,133.825744793,2,1,-619,-483,-484,2431,-484,0,1,0.0,0,True,False,False,11,False,00000018fd950b3e00000004000b00000046fe1dfe1c097ffe1c000048765fc9,False,True,True
00000009--b23bc60123,427.008997686,7,45,-36,9,-427,4151,-419,0,45,0.0,0,False,False,False,11,False,00000018ffdc0b8700000004000b0000ffe90009fe551037fe5d00004c610a83,False,True,True
00000009--b23bc60123,427.068959851,7,66,333,399,-146,4439,-145,0,66,0.0,0,False,False,False,11,False,00000018014d0bfa00000004000b0000ffe9018fff6e1157ff6f0000cd47995d,False,True,True
00000009--b23bc60123,427.098526342,7,40,512,552,8,4593,8,0,40,0.0,0,False,False,False,11,False,0000001802000bae00000004000b0000ffe90228000811f10008000002c49a7b,False,True,True
00000009--b23bc60123,427.128522607,7,14,174,188,-42,4543,-49,0,14,0.0,0,False,False,False,11,False,0000001800ae0b5a00000004000b0000ffe900bcffd611bfffcf000042ed6f7c,False,True,True
00000009--b23bc60123,435.2837586,7,35,1267,1302,-616,4388,-616,-7,35,0.0,0,True,True,False,11,False,0000001804f30ba300000004000b000002860516fd981124fd981ff9faf285d5,True,False,True
00000009--b23bc60123,435.314704299,7,165,1113,1278,-617,4388,-617,-16,165,0.0,0,True,True,False,11,False,0000001804590b090000000400000000ffd904fefd971124fd971ff0363a457e,True,False,True
00000009--b23bc60123,435.344158596,7,367,878,1245,-631,4377,-631,-46,367,0.0,0,True,True,False,11,False,00000018036e0b1d0000000400000000002604ddfd891119fd891fd278c4292d,True,False,True
00000010--1a669b40ed,258.273560529,4,58,-1302,68,10,4556,10,0,58,0.0,0,False,False,False,11,False,00000018faea0b9000000004000b0000ffbf0044000a11cc000a0000a75473fa,False,False,False
00000010--1a669b40ed,258.303392102,4,70,-1183,73,3,4550,3,0,70,0.0,0,False,False,False,11,False,00000018fb610b0800000004000b0000ffbf0049000311c600030000797c8cbe,False,False,False
00000010--1a669b40ed,258.333884241,4,81,-1086,57,-24,4523,-24,0,81,0.0,0,False,False,False,11,False,00000018fbc20b6900000004000b0000ffbf0039ffe811abffe80000b7dc278b,False,False,False
00000010--1a669b40ed,258.363507222,4,81,-1056,37,-44,4503,-44,0,81,0.0,2,False,False,False,11,False,00000018fbe08b0700000004000b0000ffbf0025ffd41197ffd40000f15f766d,False,False,False
00000010--1a669b40ed,258.393607333,4,106,-1073,65,-41,4503,-41,0,106,0.0,2,False,False,False,11,False,00000018fbcf8bf600000004000b0000ffbf0041ffd71197ffd7000039c0bbbc,False,False,False
00000010--1a669b40ed,259.630981251,4,159,-1679,-57,-342,3351,-216,0,159,0.115,2,False,False,True,11,False,00000018f9718b9600000004000b0000ffbfffc7feaa0d17ff2800007fa0f69a,False,True,True
00000010--1a669b40ed,259.659531118,4,164,-1432,11,-337,3358,-153,0,164,0.155,2,False,False,True,11,False,00000018fa688b8e00000004000b0000ffbf000bfeaf0d1eff670000b90f6a59,False,True,True
00000010--1a669b40ed,259.689618469,4,35,-1180,-18,-359,3343,-53,0,35,0.165,2,False,False,True,11,False,00000018fb648b8b00000004000b0000ffbfffeefe990d0fffcb0000fc948556,False,True,True
00000019--9855186dfe,139.768726112,2,8,-328,-320,-478,4582,-478,0,8,0.0,0,True,False,False,11,False,00000018feb80b6200000004000b00000069fec0fe2211e6fe220000f08cdeb3,True,False,True
00000019--9855186dfe,139.790175358,2,69,-376,-307,-478,4583,-478,-6,69,0.0,0,True,True,False,11,False,00000018fe880b3200000004000b00000077fecdfe2211e7fe221ffa3e54674a,True,False,True
00000019--9855186dfe,139.829748046,2,160,-499,-318,-478,4583,-478,-17,160,0.0,0,True,True,False,11,False,00000018fe0d0bb700000004000b00000077fec2fe2211e7fe221fef767ed715,True,False,True
00000019--9855186dfe,139.859501858,2,160,-631,-318,-478,4583,-478,-30,160,0.0,0,True,True,False,11,False,00000018fd890b3200000004000000000066fec2fe2211e7fe221fe2baccfea2,True,False,True
00000019--9855186dfe,139.880786626,2,451,-505,-26,-477,4583,-477,-46,451,0.0,0,True,True,False,11,False,00000018fe070bb100000004000000000068ffe6fe2311e7fe231fd24b0c0337,True,False,True
00000019--9855186dfe,674.394843103,11,6,178,184,-451,2978,-451,-1,6,0.0,0,True,False,False,11,False,0000001800b20b5e00000004000b0000fe6a00b8fe3d0ba2fe3d1fff1fcb0f15,True,False,True
00000019--9855186dfe,674.425445511,11,35,146,181,-449,2980,-449,-3,35,0.0,0,True,False,False,11,False,0000001800920b3e00000004000b0000fe6a00b5fe3f0ba4fe3f1ffd545c77b0,True,False,True
00000019--9855186dfe,674.457210359,11,60,111,171,-447,2981,-447,-8,60,0.0,0,True,False,False,11,False,00000018006f0b1b00000004000b0000fe7800abfe410ba5fe411ff8975bfe71,True,False,True
00000019--9855186dfe,674.487279021,11,133,36,169,-447,2981,-447,-13,133,0.0,0,True,True,False,11,False,0000001800240bd000000004000b0000fe7800a9fe410ba5fe411ff36857abd1,True,False,True
00000019--9855186dfe,674.516651749,11,165,-6,159,-447,2981,-447,-20,165,0.0,0,True,True,False,11,False,00000018fffa0ba500000004000b0000fe86009ffe410ba5fe411feca1cc9081,True,False,True
00000019--9855186dfe,674.546441818,11,257,-98,159,-447,2981,-447,-25,257,0.0,0,True,True,False,11,False,00000018ff9e0b490000000400000000fe85009ffe410ba5fe411fe7e6cdb445,True,False,True
00000019--9855186dfe,674.576838915,11,281,-117,164,-442,2987,-442,-28,281,0.0,0,True,True,False,11,False,00000018ff8b0b360000000400000000fe9100a4fe460babfe461fe42bd491b9,True,False,True
00000019--9855186dfe,674.606818931,11,287,-45,242,-442,2987,-442,-28,287,0.0,0,True,True,False,11,False,00000018ffd30b7e0000000400000000fe9a00f2fe460babfe461fe46ed6d2b8,True,False,True
0000003f--36e72f5fdc,941.852514068,15,77,-328,-251,-495,2524,-495,-7,77,0.0,0,True,True,False,11,False,00000018feb80b6200000004000b00000020ff05fe1109dcfe111ff997834c14,True,False,False
0000003f--36e72f5fdc,941.882139901,15,244,-791,-250,-494,2524,-494,-67,244,0.0,0,True,True,False,11,False,00000018fce90b9100000004000b00000021ff06fe1209dcfe121fbdd80309a9,True,False,False
0000003f--36e72f5fdc,941.911501516,15,245,-1122,-249,-494,2525,-494,-85,245,0.0,0,True,True,False,11,False,00000018fb9e0b4500000004000b00000021ff07fe1209ddfe121fab1d834f6a,True,False,False
0000003f--36e72f5fdc,941.944372297,15,246,-1433,-257,-503,2517,-503,-135,246,0.0,0,True,True,False,11,False,00000018fa670b0d00000004000000000004fefffe0909d5fe091f795990c70b,True,False,False
0000003f--36e72f5fdc,941.974851881,15,245,-2139,-257,-502,2519,-502,-183,245,0.0,0,True,True,False,11,False,00000018f7a50b4800000004000000000004fefffe0a09d7fe0a1f499422a956,True,False,False
0000003f--36e72f5fdc,1364.910809011,22,30,-536,-506,-598,2808,-598,0,30,0.0,0,True,False,False,11,False,00000018fde80b9100000004000b0000000dfe06fdaa0af8fdaa00003edba197,False,False,False
0000003f--36e72f5fdc,1364.940605834,22,13,-705,-579,-592,3045,-592,0,13,0.0,0,True,False,False,11,False,00000018fd3f0be800000004000b0000000afdbdfdb00be5fdb0000070dc5dc3,False,False,False
0000003f--36e72f5fdc,1396.170242957,23,-5,1739,1739,-481,1739,1744,0,0,0.485,0,True,False,True,63,False,0000001806cb3fb10000000400000000ff8b06cbfe1f06cb06d00000ba359370,False,True,False
0000003f--36e72f5fdc,1396.200237801,23,-13,1733,1733,-481,1733,1746,0,0,0.48,0,True,False,True,63,False,0000001806c53fab0000000400000000ff8a06c5fe1f06c506d2000044b223aa,False,True,False
0000003f--36e72f5fdc,1396.230118218,23,-11,1736,1736,-481,1736,1747,0,0,0.48,0,True,False,True,63,False,0000001806c83fae0000000400000000ff8a06c8fe1f06c806d300008817f6f0,False,False,False
0000003f--36e72f5fdc,1396.259667384,23,-12,1735,1735,-481,1735,1747,0,0,0.48,0,True,False,True,63,False,0000001806c73fad0000000400000000ff8a06c7fe1f06c706d30000c71083bd,False,False,False
00000041--a8c2152e46,28.740847437,0,34,-30,4,-97,4952,-97,0,34,0.0,0,True,False,False,11,False,00000018ffe20b8d00000004000b0000ff3c0004ff9f1358ff9f00002e42b013,False,False,False
00000041--a8c2152e46,28.771570377,0,20,-253,-67,-87,4963,-87,0,20,0.0,0,True,False,False,11,False,00000018ff030bae00000004000b0000ff35ffbdffa91363ffa900006cdb4467,False,False,False
00000041--a8c2152e46,172.085413966,2,97,-816,-717,-814,3168,-814,0,97,0.0,0,True,False,False,11,False,00000018fcd00b7800000004000b000006d1fd33fcd20c60fcd20000ccfa8fb9,False,True,True
00000043--29caa20fbc,931.220862114,15,32,-335,-241,-273,3151,-273,0,32,0.0,0,True,False,False,11,False,00000018feb10b5b00000004000b0000ffd6ff0ffeef0c4ffeef0000b141dd61,False,False,False
00000043--29caa20fbc,951.950142829,15,37,-31,6,-319,3096,-319,-3,37,0.0,0,True,False,False,11,False,00000018ffe10b8c00000004000b000001250006fec10c18fec11ffdce3caf3f,True,False,True
00000043--29caa20fbc,951.982230125,15,87,-75,12,-319,3096,-319,-12,87,0.0,0,True,True,False,11,False,00000018ffb50b6000000004000b00000120000cfec10c18fec11ff40ccbca0e,True,False,True
00000043--29caa20fbc,952.014456843,15,205,-193,12,-319,3096,-319,-20,205,0.0,0,True,True,False,11,False,00000018ff3f0bea00000004000b00000120000cfec10c18fec11fec4657aa3e,True,False,True
00000043--29caa20fbc,952.043939717,15,298,-283,15,-319,3096,-319,-32,298,0.0,0,True,True,False,11,False,00000018fee50b8f00000004000000000111000ffec10c18fec11fe083f2e572,True,False,True
00000043--29caa20fbc,952.073576023,15,334,-338,32,-302,3113,-302,-36,334,0.0,0,True,True,False,11,False,00000018feae0b58000000040000000001110020fed20c29fed21fdc53590c1a,True,False,True
00000043--29caa20fbc,952.104159476,15,354,-337,52,-302,3113,-302,-38,354,0.0,0,True,True,False,11,False,00000018feaf0b59000000040000000001110034fed20c29fed21fda981aa9a6,True,False,True
00000045--805b7ca6ab,290.718930611,4,50,-448,-371,-421,2079,-421,0,50,0.0,0,True,False,False,13,False,00000018fe400dec00000004000b00000007fe8dfe5b081ffe5b0000d963b547,False,False,False
00000048--709f22277b,140.198417497,2,30,229,259,-450,2191,-450,-2,30,0.0,0,True,False,False,11,False,0000001800e50b9100000004000b000000160103fe3e088ffe3e1ffef0981132,True,False,False
00000048--709f22277b,140.22843971,2,56,203,259,-450,2190,-450,-7,56,0.0,0,True,False,False,11,False,0000001800cb0b7700000004000b000000150103fe3e088efe3e1ff93280e4c5,True,False,False
00000048--709f22277b,140.257893605,2,121,136,257,-450,2187,-450,-11,121,0.0,0,True,False,False,11,False,0000001800880b3400000004000b000000150101fe3e088bfe3e1ff57f222029,True,False,False
00000048--709f22277b,140.288574654,2,145,112,257,-450,2185,-450,-16,145,0.0,0,True,True,False,11,False,0000001800700b1c00000004000b000000140101fe3e0889fe3e1ff0b41ccb75,True,False,False
00000048--709f22277b,140.31829599,2,198,73,271,-436,2203,-436,-19,198,0.0,0,True,True,False,11,False,0000001800490bf500000004000000000019010ffe4c089bfe4c1fed4b5b807f,True,False,False
00000048--709f22277b,212.407107385,3,26,-241,-215,-525,3830,-525,-8,26,0.0,0,True,True,False,11,False,00000018ff0f0bba0000000400000000ffebff29fdf30ef6fdf31ff80a5c0bb2,True,False,False
00000048--709f22277b,212.437361582,3,190,-427,-237,-546,3808,-546,-18,190,0.0,0,True,True,False,11,False,00000018fe550bff0000000400000000ffecff13fdde0ee0fdde1fee42d362ed,True,False,False
00000051--894db634a8,71.159865421,1,17,-1316,-105,-122,3604,-122,-118,17,0.0,0,True,True,False,11,False,00000018fadc0b820000000400000000ffa8ff97ff860e14ff861f8a80156f64,True,False,True
00000055--0d20bbf0c0,72.016019105,1,13,-189,-129,-142,4920,-142,0,13,0.0,0,True,False,False,11,False,00000018ff430bee00000004000b0000fffcff7fff721338ff720000bb5da07c,False,False,True
00000055--0d20bbf0c0,235.577307206,3,1,-556,-555,-603,2749,-603,-1,1,0.0,0,True,False,False,11,False,00000018fdd40b7d00000004000b00000016fdd5fda50abdfda51fff04278521,True,False,True
00000055--0d20bbf0c0,235.604747508,3,35,-610,-568,-603,2749,-603,-4,35,0.0,0,True,False,False,11,False,00000018fd9e0b4700000004000b0000000bfdc8fda50abdfda51ffc47ea79ad,True,False,True
00000055--0d20bbf0c0,235.637364132,3,33,-655,-568,-601,2749,-601,-12,33,0.0,0,True,True,False,11,False,00000018fd710b1a00000004000b0000000bfdc8fda70abdfda71ff481ec7514,True,False,True
00000055--0d20bbf0c0,235.665068487,3,16,-818,-584,-600,2749,-600,-22,16,0.0,0,True,True,False,11,False,00000018fcce0b7600000004000b0000000bfdb8fda80abdfda81feacdf48b81,True,False,True
00000055--0d20bbf0c0,235.697500065,3,14,-953,-584,-598,2749,-598,-40,14,0.0,0,True,True,False,11,False,00000018fc470bef00000004000b0000000bfdb8fdaa0abdfdaa1fd805bab7c1,True,False,True
00000055--0d20bbf0c0,235.727068206,3,13,-1085,-584,-597,2749,-597,-49,13,0.0,0,True,True,False,11,True,00000018fbc30b6a0000001400000000ffc4fdb8fdab0abdfdab1fcf4bc61bcd,True,False,True
00000055--0d20bbf0c0,235.755692215,3,13,-1124,-584,-597,2749,-597,-53,13,0.0,0,True,True,False,11,True,00000018fb9c0b430000001400000000ffb7fdb8fdab0abdfdab1fcb81765e2b,True,False,True
00000055--0d20bbf0c0,235.786363389,3,12,-1145,-572,-584,2761,-584,-56,12,0.0,0,True,True,False,11,False,00000018fb870b2e0000000400000000ffadfdc4fdb80ac9fdb81fc853973eef,True,False,True
00000055--0d20bbf0c0,235.821567054,3,12,-1152,-568,-580,2764,-580,-57,12,0.0,0,True,True,False,11,False,00000018fb800b270000000400000000ffa9fdc8fdbc0accfdbc1fc7965e9ab1,True,False,True
00000064--6d1ea4acc9,59.888492636,0,11,-593,-523,-534,4515,-534,0,11,0.0,0,True,False,False,11,False,00000018fdaf0b5800000004000b0000ff0afdf5fdea11a3fdea0000fd4067a3,False,False,False
00000064--6d1ea4acc9,649.497827661,10,23,-1520,-87,-330,3325,-110,0,23,0.17500000000000002,2,False,False,True,11,False,00000018fa108b3600000004000b0000003effa9feb60cfdff920000c09fc34b,False,True,True
00000065--36d6c66a72,520.591218889,8,51,-144,-93,-358,3145,-358,-12,51,0.0,0,True,True,False,11,False,00000018ff700b1b00000004000b0000ffc1ffa3fe9a0c49fe9a1ff4f2e1823e,True,False,True
00000065--36d6c66a72,520.624646355,8,163,-464,-185,-348,3167,-348,-27,163,0.0,0,True,True,False,11,False,00000018fe300bda00000004000b0000ffc1ff47fea40c5ffea41fe53908aceb,True,False,True
00000065--36d6c66a72,520.65221708,8,68,-800,-323,-391,3304,-391,-61,68,0.0,0,True,True,False,11,False,00000018fce00b880000000400000000ffaefebdfe790ce8fe791fc37a5dbd44,True,False,True
00000065--36d6c66a72,832.725128351,13,65,-395,-330,-330,3610,-505,-5,65,0.0,0,True,False,False,63,False,00000018fe753f530000000400000000fa88feb6feb60e1afe071ffbf7f2411f,True,False,False
00000065--36d6c66a72,832.749962055,13,5,-334,-329,-329,3611,-501,0,5,0.0,0,True,False,False,63,False,00000018feb23f900000000400000000fa4dfeb7feb70e1bfe0b000039ef999a,True,False,False
00000066--5a75411946,110.140973121,1,22,-64,-42,-460,2950,-460,-4,22,0.0,0,True,False,False,11,False,00000018ffc00b6b00000004000000000097ffd6fe340b86fe341ffc1fc82d20,True,False,False
00000066--5a75411946,110.161475431,1,130,-176,-46,-459,2950,-459,-12,130,0.0,0,True,True,False,11,False,00000018ff500bfb00000004000000000097ffd2fe350b86fe351ff45675078b,True,False,False
00000066--5a75411946,357.490452169,5,17,766,783,-445,2712,-445,-1,17,0.0,0,True,False,False,11,False,0000001802fe0bac00000004000b00000034030ffe430a98fe431fff9e367f47,True,False,False
00000066--5a75411946,357.52201075,5,18,764,782,-445,2716,-445,-1,18,0.0,0,True,False,False,11,False,0000001802fc0baa00000004000b00000034030efe430a9cfe431fff664228b4,True,False,False
00000066--5a75411946,357.549404853,5,20,760,780,-445,2715,-445,-2,20,0.0,0,True,False,False,11,False,0000001802f80ba600000004000b00000032030cfe430a9bfe431ffea657b312,True,False,False
00000066--5a75411946,357.58187862,5,28,752,780,-444,2701,-444,-3,28,0.0,0,True,False,False,11,False,0000001802f00b9e00000004000b00000032030cfe440a8dfe441ffdee271ff4,True,False,False
00000066--5a75411946,357.611638548,5,41,738,779,-444,2701,-444,-4,41,0.0,0,True,False,False,11,False,0000001802e20b9000000004000b00000033030bfe440a8dfe441ffc2fb76131,True,False,False
00000066--5a75411946,357.642890315,5,49,729,778,-444,2694,-444,-4,49,0.0,0,True,False,False,11,False,0000001802d90b8700000004000b00000033030afe440a86fe441ffc6890b5c4,True,False,False
00000066--5a75411946,357.670877475,5,63,715,778,-445,2699,-445,-6,63,0.0,0,True,False,False,11,False,0000001802cb0b7900000004000b00000035030afe430a8bfe431ffaa624bcd7,True,False,False
00000066--5a75411946,357.700800525,5,87,691,778,-445,2672,-445,-12,87,0.0,0,True,True,False,11,False,0000001802b30b6100000004000b00000039030afe430a70fe431ff4e82a67b3,True,False,False
00000066--5a75411946,357.726586543,5,169,608,777,-445,2675,-445,-16,169,0.0,0,True,True,False,11,False,0000001802600b0e00000004000b000000380309fe430a73fe431ff02ec76092,True,False,False
00000066--5a75411946,357.756214132,5,158,619,777,-445,2673,-445,-12,158,0.0,0,True,False,False,11,False,00000018026b0b1900000004000b000000380309fe430a71fe431ff46e72c95f,True,False,False
00000066--5a75411946,357.785906718,5,90,687,777,-445,2663,-445,-8,90,0.0,0,True,False,False,11,True,0000001802af0b5d0000001400000000003b0309fe430a67fe431ff8a9599c62,True,False,False
00000066--5a75411946,357.815612013,5,58,720,778,-446,2654,-446,-5,58,0.0,0,True,False,False,11,True,0000001802d00b7e0000001400000000003b030afe420a5efe421ffb7b0783f7,True,False,False
00000066--5a75411946,357.846778417,5,56,713,769,-455,2656,-455,-5,56,0.0,0,True,False,False,11,False,0000001802c90b770000000400000000003b0301fe390a60fe391ffbb948d6fb,True,False,False
00000088--462e38e23b,446.84283149,7,5,-469,-428,-433,2997,-433,0,5,0.0,0,True,False,False,11,False,00000018fe2b0bd500000004000b00000039fe54fe4f0bb5fe4f0000de1911e3,False,False,False
00000088--462e38e23b,530.998207274,8,1,226,936,936,4912,935,-69,1,0.0,2,False,True,False,63,False,0000001800e2bf420000000400000000006b03a803a8133003a71fbb5123c7c5,True,False,False
0000008d--a9f348691a,167.260815979,2,66,-72,-6,-325,4841,-325,-6,66,0.0,0,True,False,False,11,False,00000018ffb80b630000000400c00000fe5cfffafebb12e9febb1ffa819b0a76,True,False,False
0000008d--a9f348691a,167.290231781,2,136,-141,-5,-325,4842,-325,-15,136,0.0,0,True,True,False,11,False,00000018ff730b1e0000000400c00000fe84fffbfebb12eafebb1ff1c5833cbd,True,False,False
0000008d--a9f348691a,167.319923934,2,255,-260,-5,-325,4848,-325,-24,255,0.0,0,True,True,False,11,False,00000018fefc0ba60000000400c00000feaefffbfebb12f0febb1fe805821ab4,True,False,False
0000008d--a9f348691a,167.350566959,2,319,-354,6,-313,4857,-313,-39,319,0.0,0,True,True,False,11,False,00000018fe9e0b480000000400c00000fed30006fec712f9fec71fd94379bd63,True,False,False
00000135--dc6b4d88c4,237.012860758,3,28,-75,-47,-630,3999,-630,-5,28,0.0,0,True,False,False,11,False,00000018ffb50b600000000400000000003dffd1fd8a0f9ffd8a1ffb3ef770f3,True,False,False
00000135--dc6b4d88c4,237.042471858,3,145,-193,-48,-630,3982,-630,-14,145,0.0,0,True,True,False,11,False,00000018ff3f0bea0000000400000000003cffd0fd8a0f8efd8a1ff27fe5b416,True,False,False
00000135--dc6b4d88c4,237.072538992,3,269,-317,-48,-630,3986,-630,-33,269,0.0,0,True,True,False,11,False,00000018fec30b6d0000000400000000003bffd0fd8a0f92fd8a1fdfb4a793b8,True,False,False
00000135--dc6b4d88c4,237.103476579,3,420,-466,-46,-631,3974,-631,-41,420,0.0,0,True,True,False,11,False,00000018fe2e0bd80000000400000000003cffd2fd890f86fd891fd7fdc96917,True,False,False
00000137--2d16ff3a64,129.162479565,2,21,67,88,-302,3126,-302,-2,21,0.0,0,True,False,False,11,False,0000001800430bef000000040000000001250058fed20c36fed21ffebd19e818,True,False,False
00000137--2d16ff3a64,129.202456231,2,45,44,89,-302,3126,-302,-5,45,0.0,0,True,False,False,11,False,00000018002c0bd80000000400000000013a0059fed20c36fed21ffb43736890,True,False,False
00000137--2d16ff3a64,129.222314355,2,81,8,89,-302,3126,-302,-7,81,0.0,0,True,False,False,11,False,0000001800080bb40000000400000000014e0059fed20c36fed21ff984fbf57d,True,False,False
00000137--2d16ff3a64,129.252378469,2,121,-23,98,-293,3136,-293,-12,121,0.0,0,True,False,False,11,False,00000018ffe90b940000000400000000015c0062fedb0c40fedb1ff4c4c5e1dc,True,False,False
0000013b--39a7512088,237.671583827,3,15,261,276,-711,4349,-711,-4,15,0.0,0,True,False,False,11,False,0000001801050bb20000000400000000ff260114fd3910fdfd391ffcd33619d4,True,False,False
0000013b--39a7512088,237.702002244,3,131,146,277,-711,4349,-711,-12,131,0.0,0,True,True,False,11,False,0000001800920b3e0000000400000000ff270115fd3910fdfd391ff419ba9d08,True,False,False
0000013b--39a7512088,237.731566429,3,261,11,272,-711,4349,-711,-31,261,0.0,0,True,True,False,11,False,00000018000b0bb70000000400000000ff280110fd3910fdfd391fe15d796e9a,True,False,False
0000013b--39a7512088,237.762402535,3,452,-161,291,-688,4372,-688,-44,452,0.0,0,True,True,False,11,False,00000018ff5f0b0a0000000400000000ff280123fd501114fd501fd495edd210,True,False,False
0000013b--39a7512088,237.791625434,3,519,-228,291,-688,4372,-688,-52,519,0.0,0,True,True,False,11,False,00000018ff1c0bc70000000400000000ff280123fd501114fd501fccd39aa039,True,False,False
0000013c--4f85421eeb,123.054479021,2,19,139,158,-667,2708,-667,-1,19,0.0,0,True,False,False,11,False,00000018008b0b370000000400000000ffd9009efd650a94fd651fff22cfbd66,True,False,False
0000013c--4f85421eeb,123.085239403,2,99,60,159,-666,2708,-666,-13,99,0.0,0,True,True,False,11,False,00000018003c0be80000000400000000ffda009ffd660a94fd661ff3657639a7,True,False,False
0000013c--4f85421eeb,123.114768583,2,218,-63,155,-666,2708,-666,-21,218,0.0,0,True,True,False,11,False,00000018ffc10b6c0000000400000000ffdb009bfd660a94fd661feba77258d9,True,False,False
0000013c--4f85421eeb,123.14522961,2,402,-247,155,-666,2708,-666,-56,402,0.0,0,True,True,False,11,False,00000018ff090bb40000000400000000ffdb009bfd660a94fd661fc8729c3e89,True,False,False
0000013c--4f85421eeb,123.177174664,2,819,-658,181,-638,2737,-638,-82,819,0.0,0,True,True,False,11,False,00000018fd6e0b170000000400000000ffdb00b5fd820ab1fd821faebd06ecc1,True,False,False
0000013c--4f85421eeb,123.207800028,2,819,-827,181,-638,2737,-638,-111,819,0.0,0,True,True,False,11,False,00000018fcc50b6d0000000400000000ffdb00b5fd820ab1fd821f91fc2347ac,True,False,False
0000013c--4f85421eeb,161.732683271,2,9,18,27,-263,3124,-263,-2,9,0.0,0,True,False,False,11,False,0000001800120bbe00000004000000000158001bfef90c34fef91ffef460861f,True,False,False
0000013c--4f85421eeb,161.76233859,2,48,-21,27,-263,3124,-263,-4,48,0.0,0,True,False,False,11,False,00000018ffeb0b9600000004000000000160001bfef90c34fef91ffc3178fcf0,True,False,False
0000013c--4f85421eeb,161.792888113,2,76,-49,27,-263,3124,-263,-10,76,0.0,0,True,True,False,11,False,00000018ffcf0b7a00000004000000000167001bfef90c34fef91ff67241aa87,True,False,False
0000013c--4f85421eeb,161.82269218,2,155,-128,27,-263,3124,-263,-15,155,0.0,0,True,True,False,11,False,00000018ff800b2b0000000400000000016c001bfef90c34fef91ff1baa3e024,True,False,False
0000013c--4f85421eeb,161.844370138,2,186,-159,27,-263,3124,-263,-22,186,0.0,0,True,True,False,11,False,00000018ff610b0c0000000400000000016e001bfef90c34fef91fea42583e6d,True,False,False
0000013c--4f85421eeb,161.875100543,2,285,-267,18,-276,3111,-276,-27,285,0.0,0,True,True,False,11,False,00000018fef50b9f0000000400000000016e0012feec0c27feec1fe585612417,True,False,False
0000013c--4f85421eeb,161.904479878,2,294,-306,18,-276,3111,-276,-35,294,0.0,0,True,True,False,11,False,00000018fece0b780000000400000000016f0012feec0c27feec1fddce3cca26,True,False,False
00000144--ec7cf2b209,214.692416115,3,38,24,62,-553,2874,-553,-4,38,0.0,0,True,False,False,11,False,0000001800180bc400000004000b0000fef6003efdd70b3afdd71ffc891c9893,True,False,False
00000144--ec7cf2b209,214.722214196,3,110,-47,63,-552,2875,-552,-10,110,0.0,0,True,True,False,11,False,00000018ffd10b7c0000000400000000fdd6003ffdd80b3bfdd81ff65f7e72c7,True,False,False
00000144--ec7cf2b209,214.752132954,3,215,-153,62,-552,2875,-552,-23,215,0.0,0,True,True,False,11,False,00000018ff670b120000000400000000fdd6003efdd80b3bfdd81fe99e8e43cb,True,False,False
00000144--ec7cf2b209,214.783009002,3,299,-280,19,-544,2884,-544,-29,299,0.0,0,True,True,False,11,False,00000018fee80b920000000400000000fdd60013fde00b44fde01fe3d3835feb,True,False,False
00000144--ec7cf2b209,214.812443021,3,327,-355,-28,-544,2883,-544,-32,327,0.0,0,True,True,False,11,False,00000018fe9d0b470000000400000000fddaffe4fde00b43fde01fe01a975694,True,False,False
00000148--f8f011b74d,133.179902566,2,11,-52,-41,-404,2994,-404,-1,11,0.0,0,True,False,False,11,False,00000018ffcc0b770000000400000000ff57ffd7fe6c0bb2fe6c1ffffc7b4724,True,False,False
00000148--f8f011b74d,133.209734741,2,45,-90,-45,-404,2994,-404,-6,45,0.0,0,True,False,False,11,False,00000018ffa60b510000000400000000ff5affd3fe6c0bb2fe6c1ffa30a764ff,True,False,False
00000148--f8f011b74d,133.240165926,2,119,-165,-46,-404,2994,-404,-11,119,0.0,0,True,True,False,11,False,00000018ff5b0b060000000400000000ff5effd2fe6c0bb2fe6c1ff576e1f593,True,False,False
00000148--f8f011b74d,133.269801435,2,177,-223,-46,-404,2994,-404,-20,177,0.0,0,True,True,False,11,False,00000018ff210bcc0000000400000000ff60ffd2fe6c0bb2fe6c1fec442d9ba9,True,False,False
00000148--f8f011b74d,133.299422933,2,263,-313,-50,-406,2992,-406,-25,263,0.0,0,True,True,False,11,False,00000018fec70b710000000400000000ff5fffcefe6a0bb0fe6a1fe7850fca45,True,False,False
00000149--82d77c5bdd,254.333159309,4,15,-87,-72,-512,2905,-512,-3,15,0.0,0,True,False,False,11,False,00000018ffa90b5400000004000b00000045ffb8fe000b59fe001ffdf9faa4cf,True,False,False
00000149--82d77c5bdd,254.362732719,4,126,-198,-72,-512,2905,-512,-12,126,0.0,0,True,True,False,11,False,00000018ff3a0be500000004000b0000004affb8fe000b59fe001ff43fb98ffc,True,False,False
00000149--82d77c5bdd,254.392678103,4,219,-294,-75,-511,2906,-511,-26,219,0.0,0,True,True,False,11,False,00000018feda0b840000000400000000007fffb5fe010b5afe011fe67b411a4a,True,False,False
00000149--82d77c5bdd,254.423558634,4,381,-440,-59,-495,2922,-495,-37,381,0.0,0,True,True,False,11,False,00000018fe480bf200000004000000000095ffc5fe110b6afe111fdbb3733b12,True,False,False
00000149--82d77c5bdd,254.453172356,4,414,-473,-59,-495,2922,-495,-41,414,0.0,0,True,True,False,11,False,00000018fe270bd1000000040000000000a6ffc5fe110b6afe111fd74ac299de,True,False,False
00000168--126aca7c36,91.61513032,1,20,33,53,-227,4799,-227,-3,20,0.0,0,True,False,False,11,False,0000001800210bcd00000004000b0000fe750035ff1d12bfff1d1ffd59bdad1b,True,False,False
00000168--126aca7c36,91.645915007,1,68,-15,53,-227,4799,-227,-6,68,0.0,0,True,False,False,11,False,00000018fff10b9c00000004000b0000fe750035ff1d12bfff1d1ffa9167f5c1,True,False,False
00000168--126aca7c36,91.67562663,1,143,-94,49,-228,4799,-228,-18,143,0.0,0,True,True,False,11,False,00000018ffa20b4d00000004000b0000fe750031ff1c12bfff1c1feed0c8fdfa,True,False,False
00000168--126aca7c36,91.705368569,1,277,-230,49,-228,4799,-228,-27,277,0.0,0,True,True,False,11,False,00000018ff1a0bc50000000400000000fe280031ff1c12bfff1c1fe511cdd899,True,False,False
00000168--126aca7c36,91.735666077,1,277,-362,53,-224,4803,-224,-45,277,0.0,0,True,True,False,11,False,00000018fe960b400000000400000000fe1d0035ff2012c3ff201fd357b46d26,True,False,False
00000168--126aca7c36,91.765729763,1,268,-492,44,-224,4803,-224,-52,268,0.0,0,True,True,False,11,False,00000018fe140bbe0000000400000000fe16002cff2012c3ff201fcc9fb17805,True,False,False
0000016a--7575b2b16e,166.02749271,2,62,-103,-41,-536,2889,-536,-6,62,0.0,0,True,False,False,11,False,00000018ff990b4400000004000b0000003dffd7fde80b49fde81ffa61f35a32,True,False,False
0000016a--7575b2b16e,166.057204762,2,114,-155,-41,-536,2889,-536,-14,114,0.0,0,True,True,False,11,False,00000018ff650b1000000004000b0000003dffd7fde80b49fde81ff2af483c26,True,False,False
0000016a--7575b2b16e,166.087054099,2,199,-222,-23,-517,2908,-517,-19,199,0.0,0,True,True,False,11,False,00000018ff220bcd00000004000000000043ffe9fdfb0b5cfdfb1fede56eee23,True,False,False
0000016a--7575b2b16e,166.116799171,2,247,-270,-23,-517,2908,-517,-29,247,0.0,0,True,True,False,11,False,00000018fef20b9c00000004000000000040ffe9fdfb0b5cfdfb1fe32d87d500,True,False,False
0000016a--7575b2b16e,306.667577474,5,-14,2383,2383,-503,2383,2397,0,0,0.56,0,True,False,True,63,False,00000018094f3f3800000004000b0000fffd094ffe09094f095d0000f97daeb1,False,False,False
0000016a--7575b2b16e,306.697327798,5,-139,2336,2336,-510,2336,2475,0,0,0.56,0,True,False,True,63,False,0000001809203f0900000004000b0000fffd0920fe02092009ab000039c62be1,False,False,False
0000016a--7575b2b16e,306.726966253,5,-139,2347,2347,-521,2347,2486,0,0,0.56,0,True,False,True,63,False,00000018092b3f1400000004000b0000ffff092bfdf7092b09b6000079ce4056,False,False,False
0000016a--7575b2b16e,306.756790533,5,-64,2413,2413,-528,2413,2477,0,0,0.56,0,True,False,True,63,False,00000018096d3f5600000004000b0000ffff096dfdf0096d09ad0000b85b12b9,False,False,False
0000016a--7575b2b16e,306.787375506,5,-41,2421,2421,-538,2421,2462,0,0,0.56,0,True,False,True,63,False,0000001809753f5e00000004000b0000fffa0975fde60975099e0000f41df9b6,False,False,False
0000016a--7575b2b16e,306.816957089,5,-18,2430,2430,-549,2430,2448,0,0,0.56,0,True,False,True,63,False,00000018097e3f6700000004000b0000fffc097efddb097e0990000034f8ef03,False,False,False
0000016a--7575b2b16e,306.846885113,5,-9,2422,2422,-560,2422,2431,0,0,0.555,0,True,False,True,63,False,0000001809763f5f00000004000b0000fffc0976fdd00976097f00007965d4b0,False,False,False
00000170--f17caaea08,188.620339697,3,42,-165,-123,-176,4887,-175,0,42,0.0,0,True,False,False,11,False,00000018ff5b0b0600000004000b00000045ff85ff501317ff5100000b770e79,False,True,True
00000170--f17caaea08,237.313134703,3,13,73,86,-1026,2385,-1026,-4,13,0.0,0,True,False,False,11,False,0000001800490bf500000004000b000000390056fbfe0951fbfe1ffce3fa9791,True,False,True
00000170--f17caaea08,237.343542214,3,162,-85,77,-1026,2385,-1026,-15,162,0.0,0,True,True,False,11,False,00000018ffab0b5600000004000b0000003e004dfbfe0951fbfe1ff12ebe6188,True,False,True
00000170--f17caaea08,237.373434678,3,335,-257,78,-1026,2386,-1026,-41,335,0.0,0,True,True,False,11,False,00000018feff0ba900000004000b0000003e004efbfe0952fbfe1fd76a5d7e04,True,False,True
00000170--f17caaea08,237.403097615,3,600,-475,125,-990,2422,-990,-58,600,0.0,0,True,True,False,11,False,00000018fe250bcf00000004000000000037007dfc220976fc221fc6a8b360d7,True,False,True
00000171--1fd79dea9a,48.501888576,0,3,253,256,-457,2857,-457,0,3,0.0,0,True,False,False,11,False,0000001800fd0ba900000004000b0000ff2a0100fe370b29fe3700001e08e2f6,True,False,True
00000171--1fd79dea9a,48.531396799,0,14,244,258,-458,2857,-458,-2,14,0.0,0,True,False,False,11,False,0000001800f40ba000000004000b0000ff200102fe360b29fe361ffe53cae1a5,True,False,True
00000171--1fd79dea9a,48.561392936,0,37,222,259,-458,2857,-458,-3,37,0.0,0,True,False,False,11,False,0000001800de0b8a00000004000b0000ff220103fe360b29fe361ffd9e18caaf,True,False,True
00000171--1fd79dea9a,48.592245103,0,57,207,264,-458,2857,-458,-6,57,0.0,0,True,False,False,11,False,0000001800cf0b7b00000004000b0000ff210108fe360b29fe361ffad1c5b4ef,True,False,True
00000171--1fd79dea9a,48.620970844,0,106,157,263,-459,2857,-459,-10,106,0.0,0,True,False,False,11,False,00000018009d0b4900000004000b0000ff190107fe350b29fe351ff6119d0e9b,True,False,True
00000171--1fd79dea9a,48.651541416,0,130,133,263,-459,2857,-459,-15,130,0.0,0,True,True,False,11,False,0000001800850b3100000004000b0000ff190107fe350b29fe351ff1524258b3,True,False,True
00000171--1fd79dea9a,48.681090954,0,179,86,265,-459,2857,-459,-17,179,0.0,0,True,True,False,11,False,0000001800560b020000000400000000ff230109fe350b29fe351fef96d9da3e,True,False,True
00000171--1fd79dea9a,48.711401975,0,189,389,578,-440,2877,-440,-18,189,0.0,0,True,True,False,11,False,0000001801850b320000000400000000ff210242fe480b3dfe481fee62aec14d,True,False,True
00000171--1fd79dea9a,251.90220789,4,311,-1786,1,-310,3362,-310,0,311,0.0,2,False,False,False,11,False,00000018f9068b2b00000004000b000000020001feca0d22feca0000f8f1e9fd,False,False,True
00000171--1fd79dea9a,251.932834739,4,390,-1566,72,-318,3352,-318,0,390,0.0,2,False,False,False,11,False,00000018f9e28b0700000004000b000000020048fec20d18fec20000316beee8,False,True,True
00000171--1fd79dea9a,251.96248875,4,410,-1320,83,-327,3351,-327,0,410,0.0,2,False,False,False,11,False,00000018fad88bfe00000004000b000000020053feb90d17feb9000079f75dfc,False,True,True
00000171--1fd79dea9a,251.992544766,4,424,-1122,117,-307,3384,-307,0,424,0.0,2,False,False,False,11,False,00000018fb9e8bc500000004000b000000020075fecd0d38fecd0000b2581ca9,False,True,True
00000171--1fd79dea9a,252.022222516,4,410,-892,95,-315,3384,-315,0,410,0.0,2,False,False,False,11,False,00000018fc848bac00000004000b00000002005ffec50d38fec500004d32ff46,False,True,True
00000171--1fd79dea9a,252.052689595,4,425,-690,129,-296,3412,-296,0,425,0.0,2,False,False,False,11,False,00000018fd4e8b7700000004000b000000020081fed80d54fed800008746f3ea,False,True,True
00000171--1fd79dea9a,252.082671165,4,403,-442,126,-277,3435,-277,0,403,0.0,2,False,False,False,11,False,00000018fe468b7000000004000b00000002007efeeb0d6bfeeb0000cd3e8ae2,False,True,True
00000171--1fd79dea9a,252.112456523,4,404,-242,162,-243,3474,-243,0,404,0.0,2,False,False,False,11,False,00000018ff0e8b3900000004000b0000000200a2ff0d0d92ff0d00000945ee74,False,True,True
00000171--1fd79dea9a,252.142095697,4,154,13,167,-238,3480,-238,0,154,0.0,2,False,False,False,11,False,00000018000d8b3900000004000b0000000200a7ff120d98ff1200004fca1729,False,True,True
00000171--1fd79dea9a,438.728098202,7,214,-1766,41,-173,3498,-173,0,214,0.0,2,False,False,False,11,False,00000018f91a8b3f00000004000b0000000e0029ff530daaff53000023ef8967,False,False,False
00000171--1fd79dea9a,438.757770381,7,285,-1541,117,-168,3505,-168,0,285,0.0,2,False,False,False,11,False,00000018f9fb8b2000000004000b0000000e0075ff580db1ff58000062b68026,False,False,False
00000171--1fd79dea9a,438.788036666,7,279,-1296,117,-162,3516,-162,0,279,0.0,2,False,False,False,11,False,00000018faf08b1600000004000b0000000e0075ff5e0dbcff5e0000aa5e88d5,False,False,False
00000171--1fd79dea9a,438.817811091,7,283,-1109,140,-143,3546,-143,0,283,0.0,2,False,False,False,11,False,00000018fbab8bd200000004000b0000000e008cff710ddaff7100007d952157,False,False,False
00000171--1fd79dea9a,438.848596514,7,260,-908,95,-165,3529,-165,0,260,0.0,2,False,False,False,11,False,00000018fc748b9c00000004000b0000000e005fff5b0dc9ff5b0000bb39f5a3,False,False,False
00000171--1fd79dea9a,438.878398167,7,289,-715,130,-159,3543,-159,0,289,0.0,2,False,False,False,11,False,00000018fd358b5e00000004000b0000000e0082ff610dd7ff610000f7c81849,False,False,False
00000171--1fd79dea9a,438.90832445,7,284,-450,144,-140,3568,-140,0,284,0.0,2,False,False,False,11,False,00000018fe3e8b6800000004000b0000000e0090ff740df0ff740000330c16b4,False,False,False
00000171--1fd79dea9a,438.938383745,7,283,-286,149,-134,3573,-134,0,283,0.0,2,False,False,False,11,False,00000018fee28b0c00000004000b0000000e0095ff7a0df5ff7a00007cc41007,False,False,False
00000171--1fd79dea9a,438.96808487,7,189,-41,148,-115,3595,-115,0,189,0.0,2,False,False,False,11,False,00000018ffd78b0200000004000b0000000e0094ff8d0e0bff8d0000b0ea1a0f,False,False,False
00000171--1fd79dea9a,438.998598022,7,30,124,154,-109,3603,-109,0,30,0.0,2,False,False,False,11,False,00000018007c8ba800000004000b0000000e009aff930e13ff930000f3adf47f,False,False,False
00000171--1fd79dea9a,536.877433359,8,306,-1678,211,-95,3577,-95,0,306,0.0,2,False,False,False,11,False,00000018f9728b9700000004000b0000ffe600d3ffa10df9ffa100006381f07f,False,False,False
00000171--1fd79dea9a,536.906851488,8,379,-1262,304,-75,3597,-75,0,379,0.0,2,False,False,False,11,False,00000018fb128b3900000004000b0000ffe60130ffb50e0dffb50000a6f19ec5,False,False,False
00000171--1fd79dea9a,536.93765102,8,397,-1017,313,-84,3591,-84,0,397,0.0,2,False,False,False,11,False,00000018fc078b2f00000004000b0000ffe60139ffac0e07ffac0000e00a23f1,False,False,False
00000171--1fd79dea9a,536.967598439,8,415,-622,351,-64,3621,-64,0,415,0.0,2,False,False,False,11,False,00000018fd928bbb00000004000b0000ffe6015fffc00e25ffc000002f869720,False,False,False
00000171--1fd79dea9a,536.997331268,8,465,-302,420,-45,3650,-45,0,465,0.0,2,False,False,False,11,False,00000018fed28bfc00000004000b0000ffe601a4ffd30e42ffd300006b5f3bb5,False,False,False
00000171--1fd79dea9a,537.026893342,8,347,42,389,-53,3651,-53,0,347,0.0,2,False,False,False,11,False,00000018002a8b5600000004000b0000ffe60185ffcb0e43ffcb0000a78b14d1,False,False,False
00000171--1fd79dea9a,537.060703067,8,97,306,403,-47,3665,-47,0,97,0.0,2,False,False,False,11,False,0000001801328b5f00000004000b0000ffe60193ffd10e51ffd10000ef76b21e,False,False,False
00000171--1fd79dea9a,556.400214998,9,6,-165,-159,-413,3018,-413,-1,6,0.0,0,True,False,False,11,False,00000018ff5b0b0600000004000b0000005cff61fe630bcafe631fffb46b06e7,True,False,True
00000171--1fd79dea9a,556.429933927,9,14,-170,-156,-413,3018,-413,-1,14,0.0,0,True,False,False,11,False,00000018ff560b0100000004000b00000062ff64fe630bcafe631ffff43bfa51,True,False,True
00000171--1fd79dea9a,556.459815387,9,13,-176,-163,-412,3019,-412,-1,13,0.0,0,True,False,False,11,False,00000018ff500bfb00000004000b00000062ff5dfe640bcbfe641fff31cb6bd2,True,False,True
00000171--1fd79dea9a,556.489523436,9,11,-175,-164,-412,3019,-412,-1,11,0.0,0,True,False,False,11,False,00000018ff510bfc00000004000b00000068ff5cfe640bcbfe641fff77191e48,True,False,True
00000171--1fd79dea9a,556.520310109,9,16,-181,-165,-411,3019,-411,-1,16,0.0,0,True,False,False,11,False,00000018ff4b0bf600000004000b00000068ff5bfe650bcbfe651fffb32254fb,True,False,True
00000171--1fd79dea9a,556.550086668,9,24,-191,-167,-411,3020,-411,-2,24,0.0,0,True,False,False,11,False,00000018ff410bec00000004000b0000005eff59fe650bccfe651ffef283af3a,True,False,True
00000171--1fd79dea9a,556.58004705,9,27,-195,-168,-411,3020,-411,-2,27,0.0,0,True,False,False,11,False,00000018ff3d0be800000004000b0000005eff58fe650bccfe651ffe39f6ec51,True,False,True
00000171--1fd79dea9a,556.610641206,9,33,-198,-165,-411,3020,-411,-3,33,0.0,0,True,False,False,11,False,00000018ff3a0be500000004000b00000065ff5bfe650bccfe651ffd7cc87b2a,True,False,True
00000171--1fd79dea9a,556.640431145,9,47,-215,-168,-411,3020,-411,-4,47,0.0,0,True,False,False,11,False,00000018ff290bd400000004000b00000068ff58fe650bccfe651ffcb7da4750,True,False,True
00000171--1fd79dea9a,556.672332363,9,68,-236,-168,-411,3020,-411,-6,68,0.0,0,True,False,False,11,False,00000018ff140bbf00000004000b00000068ff58fe650bccfe651ffa4826989f,True,False,True
00000171--1fd79dea9a,556.702825315,9,85,-253,-168,-411,3020,-411,-9,85,0.0,0,True,False,False,11,False,00000018ff030bae00000004000b0000006aff58fe650bccfe651ff78d5f8919,True,False,True
00000171--1fd79dea9a,556.732695062,9,111,-300,-189,-411,3020,-411,-10,111,0.0,0,True,False,False,11,False,00000018fed40b7e00000004000b00000065ff43fe650bccfe651ff6c6e53352,True,False,True
00000171--1fd79dea9a,556.762684181,9,130,-330,-200,-411,3020,-411,-13,130,0.0,0,True,False,False,11,False,00000018feb60b6000000004000b00000065ff38fe650bccfe651ff307abf404,True,False,True
00000171--1fd79dea9a,556.792503689,9,146,-346,-200,-411,3020,-411,-14,146,0.0,0,True,False,False,11,False,00000018fea60b5000000004000b0000006dff38fe650bccfe651ff249b58a0c,True,False,True
00000171--1fd79dea9a,556.822253334,9,163,-369,-206,-411,3020,-411,-16,163,0.0,0,True,True,False,11,False,00000018fe8f0b3900000004000b0000006dff32fe650bccfe651ff08ba2c5f1,True,False,True
00000171--1fd79dea9a,556.853186659,9,174,-380,-206,-411,3020,-411,-17,174,0.0,0,True,True,False,11,False,00000018fe840b2e00000004000000000080ff32fe650bccfe651fefc6d0924c,True,False,True
00000171--1fd79dea9a,556.88210767,9,186,-411,-225,-429,3001,-429,-18,186,0.0,0,True,True,False,11,False,00000018fe650b0f00000004000000000080ff1ffe530bb9fe531fee05dc44ba,True,False,True
00000171--1fd79dea9a,556.91267538,9,202,-103,99,-429,3002,-429,-19,202,0.0,0,True,True,False,11,False,00000018ff990b44000000040000000000810063fe530bbafe531fed45503bf7,True,False,True
00000171--1fd79dea9a,634.668711338,10,75,-539,-225,-300,3595,-300,-30,75,0.0,0,True,True,False,11,False,00000018fde50b8e0000000400000000ff9aff1ffed40e0bfed41fe284d86147,True,False,True
00000171--1fd79dea9a,634.698712691,10,173,-457,-124,-297,3598,-297,-32,173,0.0,0,True,True,False,11,False,00000018fe370be10000000400000000ff8eff84fed70e0efed71fe0c7ee869f,True,False,True
00000171--1fd79dea9a,634.729041187,10,269,-353,-27,-296,3598,-296,-31,269,0.0,0,True,True,False,11,False,00000018fe9f0b490000000400000000ff75ffe5fed80e0efed81fe10ab77165,True,False,True
00000171--1fd79dea9a,978.101064407,16,171,-535,-364,-364,2931,-604,-16,171,0.0,0,True,True,False,63,False,00000018fde93fc60000000400000000f8a8fe94fe940b73fda41ff05b060cbf,True,False,False
00000171--1fd79dea9a,978.132033757,16,167,-530,-363,-363,2931,-599,-16,167,0.0,0,True,True,False,63,False,00000018fdee3fcb0000000400000000f87afe95fe950b73fda91ff09b591089,True,False,False
00000171--1fd79dea9a,978.16151467,16,156,-517,-361,-361,2932,-595,-15,156,0.0,0,True,True,False,63,False,00000018fdfb3fd80000000400000000f847fe97fe970b74fdad1ff1db129b90,True,False,False
00000171--1fd79dea9a,978.191043634,16,152,-512,-360,-360,2932,-592,-14,152,0.0,0,True,True,False,63,False,00000018fe003fde0000000400000000f811fe98fe980b74fdb01ff21911cd87,True,False,False
00000171--1fd79dea9a,978.22169365,16,141,-500,-359,-359,2932,-587,-13,141,0.0,0,True,False,False,63,False,00000018fe0c3fea0000000400000000f7dafe99fe990b74fdb51ff35e6b9316,True,False,False
00000171--1fd79dea9a,978.251182111,16,140,-498,-358,-358,2932,-583,-13,140,0.0,0,True,False,False,63,False,00000018fe0e3fec0000000400000000f79ffe9afe9a0b74fdb91ff3942e4c07,True,False,False
00000171--1fd79dea9a,978.280930819,16,133,-489,-356,-356,2932,-579,-13,133,0.0,0,True,False,False,63,False,00000018fe173ff50000000400000000f760fe9cfe9c0b74fdbd1ff366200a65,True,False,False
00000171--1fd79dea9a,978.31150285,16,135,-490,-355,-355,2932,-574,-13,135,0.0,0,True,False,False,63,False,00000018fe163ff40000000400000000f724fe9dfe9d0b74fdc21ff3a475bab6,True,False,False
00000171--1fd79dea9a,978.341280867,16,135,-489,-354,-354,2932,-571,-13,135,0.0,0,True,False,False,63,False,00000018fe173ff50000000400000000f6e4fe9efe9e0b74fdc51ff3ee3ae237,True,False,False
00000171--1fd79dea9a,978.371977685,16,141,-494,-353,-353,2932,-566,-13,141,0.0,0,True,False,False,63,False,00000018fe123ff00000000400000000f69ffe9ffe9f0b74fdca1ff3249ecfc5,True,False,False
00000171--1fd79dea9a,978.401528514,16,141,-493,-352,-352,2932,-563,-13,141,0.0,0,True,False,False,63,False,00000018fe133ff10000000400000000f653fea0fea00b74fdcd1ff36109c0cd,True,False,False
00000171--1fd79dea9a,978.431561883,16,144,-493,-349,-349,2932,-559,-13,144,0.0,0,True,False,False,63,False,00000018fe133ff10000000400000000f608fea3fea30b74fdd11ff3aabc74e5,True,False,False
00000171--1fd79dea9a,978.461071533,16,125,-474,-349,-349,2932,-559,-12,125,0.0,0,True,False,False,63,False,00000018fe263f040000000400000000f5c3fea3fea30b74fdd11ff4e9f29d54,True,False,False
00000171--1fd79dea9a,978.491666106,16,89,-437,-348,-348,2932,-554,-6,89,0.0,0,True,False,False,63,False,00000018fe4b3f290000000400000000f582fea4fea40b74fdd61ffa2ffda8a2,True,False,False
00000171--1fd79dea9a,978.514593073,16,52,-399,-347,-347,2932,-551,-5,52,0.0,0,True,False,False,63,False,00000018fe713f4f0000000400000000f548fea5fea50b74fdd91ffb6377a134,True,False,False
00000171--1fd79dea9a,978.543407466,16,11,-357,-346,-346,2932,-546,0,11,0.0,0,True,False,False,63,False,00000018fe9b3f790000000400000000f516fea6fea60b74fdde0000a2c53cba,True,False,False
00000175--6c2758b35b,950.648420417,15,68,-547,-479,-479,2933,-699,-6,68,0.0,0,True,False,False,63,False,00000018fddd3fba0000000400000000f7a4fe21fe210b75fd451ffa840b1afd,True,False,False
00000175--6c2758b35b,950.67810448,15,63,-540,-477,-477,2941,-695,-5,63,0.0,0,True,False,False,63,False,00000018fde43fc10000000400000000f791fe23fe230b7dfd491ffbc6b86e98,True,False,False
00000175--6c2758b35b,950.708755417,15,50,-526,-476,-476,2944,-691,-4,50,0.0,0,True,False,False,63,False,00000018fdf23fcf0000000400000000f76cfe24fe240b80fd4d1ffc0a782190,True,False,False
00000175--6c2758b35b,950.738384844,15,43,-518,-475,-475,2956,-687,-3,43,0.0,0,True,False,False,63,False,00000018fdfa3fd70000000400000000f759fe25fe250b8cfd511ffd4f59e8d4,True,False,False
00000175--6c2758b35b,950.768187552,15,35,-508,-473,-473,2964,-682,-3,35,0.0,0,True,False,False,63,False,00000018fe043fe20000000400000000f737fe27fe270b94fd561ffd8976e10b,True,False,False
00000175--6c2758b35b,950.79954125,15,34,-506,-472,-472,2976,-679,-3,34,0.0,0,True,False,False,63,False,00000018fe063fe40000000400000000f727fe28fe280ba0fd591ffdcc28f8ca,True,False,False
00000175--6c2758b35b,950.830515938,15,24,-495,-471,-471,2958,-675,-2,24,0.0,0,True,False,False,63,False,00000018fe113fef0000000400000000f70bfe29fe290b8efd5d1ffe021b6600,True,False,False
00000175--6c2758b35b,950.860144792,15,25,-494,-469,-469,2948,-671,-2,25,0.0,0,True,False,False,63,False,00000018fe123ff00000000400000000f6fefe2bfe2b0b84fd611ffe4daa0271,True,False,False
00000175--6c2758b35b,950.890004636,15,25,-492,-467,-467,2948,-666,-2,25,0.0,0,True,False,False,63,False,00000018fe143ff20000000400000000f6e5fe2dfe2d0b84fd661ffe8d7561e3,True,False,False
00000175--6c2758b35b,950.919789271,15,19,-485,-466,-466,2940,-663,-1,19,0.0,0,True,False,False,63,False,00000018fe1b3ff90000000400000000f6d7fe2efe2e0b7cfd691fff54f697f2,True,False,False
00000175--6c2758b35b,950.950278542,15,17,-483,-466,-466,2936,-659,-1,17,0.0,0,True,False,False,63,False,00000018fe1d3ffb0000000400000000f6b3fe2efe2e0b78fd6d1fff99b6ac53,True,False,False
00000175--6c2758b35b,950.980041615,15,12,-477,-465,-465,2950,-655,0,12,0.0,0,True,False,False,63,False,00000018fe233f010000000400000000f69afe2ffe2f0b86fd710000d567a251,True,False,False
00000175--6c2758b35b,951.010154063,15,2,-465,-463,-463,2959,-652,0,2,0.0,0,True,False,False,63,False,00000018fe2f3f0d0000000400000000f65ffe31fe310b8ffd74000015fa742f,True,False,False
